{
  "rows": [
    {
      "eval_return": 0.0,
      "eval_success_rate": 0.0,
      "gap_t0055/margin": 0.4250404139806415,
      "gap_t0055/return": 0.3697569463402033,
      "gap_t0055/success": 0.453125,
      "greedy/margin": 0.29943808566916874,
      "greedy/return": 0.0,
      "greedy/success": 0.0,
      "label": "por_base",
      "lower_t005/margin": 0.3720607345882373,
      "lower_t005/return": 0.2513888902030885,
      "lower_t005/success": 0.375,
      "option_count": 4.0,
      "option_duration": 2.9213162737128173,
      "option_switch_rate": 0.0049382716049382715,
      "policy/option_hidden_film_gate_mean": 0.0,
      "policy/option_hidden_film_scale_norm": 0.0,
      "policy/option_hidden_film_shift_norm": 0.0,
      "run_dir": "outputs/experiments/memory_actor_hidden_option_count_probe/memory_por_switchy_rerun",
      "shoulder_t008/margin": 0.72771759272405,
      "shoulder_t008/return": 0.43284722324460745,
      "shoulder_t008/success": 0.46875,
      "throughput_fps": 116.87809436945473,
      "train/episode_return": 0.5171717161482031,
      "train/success_rate": 0.5303030303030303,
      "variant": "none"
    },
    {
      "eval_return": 0.5558333285152912,
      "eval_success_rate": 0.5625,
      "gap_t0055/margin": 2.3544344390165945,
      "gap_t0055/return": 0.4627083297818899,
      "gap_t0055/success": 0.46875,
      "greedy/margin": 2.3544344390165945,
      "greedy/return": 0.4627083297818899,
      "greedy/success": 0.46875,
      "label": "por_actor_hidden_partial_shift22",
      "lower_t005/margin": 2.3544344390165945,
      "lower_t005/return": 0.4627083297818899,
      "lower_t005/success": 0.46875,
      "option_count": 4.0,
      "option_duration": 1.6192923528807504,
      "option_switch_rate": 0.5178571428571429,
      "policy/option_hidden_film_gate_mean": 0.14329319021531514,
      "policy/option_hidden_film_scale_norm": 0.10732636920043401,
      "policy/option_hidden_film_shift_norm": 0.02282115417931761,
      "run_dir": "outputs/experiments/memory_actor_hidden_option_count_probe/memory_por_switchy_actor_hidden_partial_shift22",
      "shoulder_t008/margin": 2.3544344390165945,
      "shoulder_t008/return": 0.4627083297818899,
      "shoulder_t008/success": 0.46875,
      "throughput_fps": 92.62653748053648,
      "train/episode_return": 0.650861106812954,
      "train/success_rate": 0.6625,
      "variant": "option_count_4"
    },
    {
      "eval_return": 0.0,
      "eval_success_rate": 0.0,
      "gap_t0055/margin": 0.8060161226118604,
      "gap_t0055/return": 0.0,
      "gap_t0055/success": 0.0,
      "greedy/margin": 0.8060161226118604,
      "greedy/return": 0.0,
      "greedy/success": 0.0,
      "label": "por_actor_hidden_partial_shift22_option6",
      "lower_t005/margin": 0.8060161226118604,
      "lower_t005/return": 0.0,
      "lower_t005/success": 0.0,
      "option_count": 6.0,
      "option_duration": 1.1860046915066096,
      "option_switch_rate": 0.0,
      "policy/option_hidden_film_gate_mean": 0.10746522964334783,
      "policy/option_hidden_film_scale_norm": 0.0419952192792186,
      "policy/option_hidden_film_shift_norm": 0.009086400615396324,
      "run_dir": "outputs/experiments/memory_actor_hidden_option_count_probe/memory_por_switchy_actor_hidden_partial_shift22_option6",
      "shoulder_t008/margin": 0.8060161226118604,
      "shoulder_t008/return": 0.0,
      "shoulder_t008/success": 0.0,
      "throughput_fps": 91.1428987379955,
      "train/episode_return": 0.3107692278348483,
      "train/success_rate": 0.38461538461538464,
      "variant": "option_count_6"
    },
    {
      "eval_return": 0.0,
      "eval_success_rate": 0.0,
      "gap_t0055/margin": 1.3491679285457472,
      "gap_t0055/return": 0.0,
      "gap_t0055/success": 0.0,
      "greedy/margin": 1.3491679285457472,
      "greedy/return": 0.0,
      "greedy/success": 0.0,
      "label": "por_actor_hidden_partial_shift22_option8",
      "lower_t005/margin": 1.3491679285457472,
      "lower_t005/return": 0.0,
      "lower_t005/success": 0.0,
      "option_count": 8.0,
      "option_duration": 1.790649577864894,
      "option_switch_rate": 0.0024691358024691358,
      "policy/option_hidden_film_gate_mean": 0.1567649256851938,
      "policy/option_hidden_film_scale_norm": 0.03140784215504005,
      "policy/option_hidden_film_shift_norm": 0.0044787498714149365,
      "run_dir": "outputs/experiments/memory_actor_hidden_option_count_probe/memory_por_switchy_actor_hidden_partial_shift22_option8",
      "shoulder_t008/margin": 1.3491679285457472,
      "shoulder_t008/return": 0.0,
      "shoulder_t008/success": 0.0,
      "throughput_fps": 92.11082548880917,
      "train/episode_return": 0.47555555190358845,
      "train/success_rate": 0.5,
      "variant": "option_count_8"
    }
  ]
}