{
  "rows": [
    {
      "adaptive_scale_mean": 0.0,
      "gap_t0055/margin": 0.4250404139806415,
      "gap_t0055/success": 0.453125,
      "greedy/margin": 0.29943808566916874,
      "greedy/success": 0.0,
      "label": "por_base",
      "lower_t005/margin": 0.3720607345882373,
      "lower_t005/success": 0.375,
      "scale_floor_power": 0.0,
      "scale_norm": 0.0,
      "shift_norm": 0.0,
      "shoulder_t008/margin": 0.72771759272405,
      "shoulder_t008/success": 0.46875,
      "throughput_fps": 89.7399398952199,
      "train/episode_return": 0.5171717161482031,
      "train/success_rate": 0.5303030303030303
    },
    {
      "adaptive_scale_mean": 0.14329319021531514,
      "gap_t0055/margin": 2.3544344390165945,
      "gap_t0055/success": 0.46875,
      "greedy/margin": 2.3544344390165945,
      "greedy/success": 0.46875,
      "label": "partial_shift22",
      "lower_t005/margin": 2.3544344390165945,
      "lower_t005/success": 0.46875,
      "scale_floor_power": 1.0,
      "scale_norm": 0.10732636920043401,
      "shift_norm": 0.02282115417931761,
      "shoulder_t008/margin": 2.3544344390165945,
      "shoulder_t008/success": 0.46875,
      "throughput_fps": 90.63050733219866,
      "train/episode_return": 0.650861106812954,
      "train/success_rate": 0.6625
    },
    {
      "adaptive_scale_mean": 0.11408416788887095,
      "gap_t0055/margin": 1.4542922185624543,
      "gap_t0055/success": 0.484375,
      "greedy/margin": 1.077030443059563,
      "greedy/success": 0.3125,
      "label": "adaptive_floor25",
      "lower_t005/margin": 1.429976086680089,
      "lower_t005/success": 0.46875,
      "scale_floor_power": 1.0,
      "scale_norm": 0.028516159634347314,
      "shift_norm": 0.007824944141378373,
      "shoulder_t008/margin": 1.534892169641294,
      "shoulder_t008/success": 0.46875,
      "throughput_fps": 88.46756786635196,
      "train/episode_return": 0.4403888896107674,
      "train/success_rate": 0.45
    },
    {
      "adaptive_scale_mean": 0.11067591193649504,
      "gap_t0055/margin": 0.7557548860524907,
      "gap_t0055/success": 0.0,
      "greedy/margin": 0.7557548860524907,
      "greedy/success": 0.0,
      "label": "adaptive_floor25_power075",
      "lower_t005/margin": 0.7557548860524907,
      "lower_t005/success": 0.0,
      "scale_floor_power": 0.75,
      "scale_norm": 0.02356995531346327,
      "shift_norm": 0.006545010994383951,
      "shoulder_t008/margin": 0.7557548860524907,
      "shoulder_t008/success": 0.0,
      "throughput_fps": 89.16707090495778,
      "train/episode_return": 0.5177777787534202,
      "train/success_rate": 0.5365853658536586
    },
    {
      "adaptive_scale_mean": 0.2342856083939105,
      "gap_t0055/margin": 1.472539764067825,
      "gap_t0055/success": 0.0,
      "greedy/margin": 1.472539764067825,
      "greedy/success": 0.0,
      "label": "adaptive_floor25_power05",
      "lower_t005/margin": 1.472539764067825,
      "lower_t005/success": 0.0,
      "scale_floor_power": 0.5,
      "scale_norm": 0.35256038293426417,
      "shift_norm": 0.08244695567330461,
      "shoulder_t008/margin": 1.472539764067825,
      "shoulder_t008/success": 0.0,
      "throughput_fps": 62.473514155577796,
      "train/episode_return": 0.49327327109671926,
      "train/success_rate": 0.5135135135135135
    }
  ]
}