{
  "rows": [
    {
      "gap_t0055/margin": 0.4250404139806415,
      "gap_t0055/return": 0.3697569463402033,
      "gap_t0055/success": 0.453125,
      "greedy/margin": 0.29943808566916874,
      "greedy/return": 0.0,
      "greedy/success": 0.0,
      "label": "por_base",
      "lower_t005/margin": 0.3720607345882373,
      "lower_t005/return": 0.2513888902030885,
      "lower_t005/success": 0.375,
      "policy/option_hidden_film_gate_mean": 0.0,
      "policy/option_hidden_film_scale_norm": 0.0,
      "policy/option_hidden_film_shift_norm": 0.0,
      "policy/option_hidden_gate_bias_mean": 0.0,
      "policy/option_hidden_scale_gate_bias_mean": 0.0,
      "policy/option_hidden_scale_gate_bias_scale": 0.0,
      "run_dir": "outputs/experiments/memory_actor_hidden_shiftgate075_scale325_neg_scale_bias_probe/memory_por_switchy_rerun",
      "shoulder_t008/margin": 0.72771759272405,
      "shoulder_t008/return": 0.43284722324460745,
      "shoulder_t008/success": 0.46875,
      "throughput_fps": 116.90738903838931,
      "train/episode_return": 0.5171717161482031,
      "train/success_rate": 0.5303030303030303,
      "variant": "none"
    },
    {
      "gap_t0055/margin": 0.38372834298110786,
      "gap_t0055/return": 0.0136111113242805,
      "gap_t0055/success": 0.03125,
      "greedy/margin": 0.38281771752431437,
      "greedy/return": 0.0,
      "greedy/success": 0.0,
      "label": "por_actor_hidden_partial_shift22",
      "lower_t005/margin": 0.38281771752431437,
      "lower_t005/return": 0.0,
      "lower_t005/success": 0.0,
      "policy/option_hidden_film_gate_mean": 0.13018041192381472,
      "policy/option_hidden_film_scale_norm": 0.028133800703986193,
      "policy/option_hidden_film_shift_norm": 0.003525388212932021,
      "policy/option_hidden_gate_bias_mean": 0.0,
      "policy/option_hidden_scale_gate_bias_mean": 0.0,
      "policy/option_hidden_scale_gate_bias_scale": 0.0,
      "run_dir": "outputs/experiments/memory_actor_hidden_shiftgate075_scale325_neg_scale_bias_probe/memory_por_switchy_actor_hidden_partial_shift22",
      "shoulder_t008/margin": 0.44285208782485275,
      "shoulder_t008/return": 0.09982638852670789,
      "shoulder_t008/success": 0.140625,
      "throughput_fps": 88.25825863084695,
      "train/episode_return": 0.43693121558143977,
      "train/success_rate": 0.4523809523809524,
      "variant": "partial_shift22"
    },
    {
      "gap_t0055/margin": 2.17525461928675,
      "gap_t0055/return": 0.525034717284143,
      "gap_t0055/success": 0.53125,
      "greedy/margin": 2.17525461928675,
      "greedy/return": 0.525034717284143,
      "greedy/success": 0.53125,
      "label": "por_actor_hidden_partial_shift22_shiftgate075_scale325",
      "lower_t005/margin": 2.17525461928675,
      "lower_t005/return": 0.525034717284143,
      "lower_t005/success": 0.53125,
      "policy/option_hidden_film_gate_mean": 0.12412295809813909,
      "policy/option_hidden_film_scale_norm": 0.05004310182162693,
      "policy/option_hidden_film_shift_norm": 0.015613779625190156,
      "policy/option_hidden_gate_bias_mean": 0.0,
      "policy/option_hidden_scale_gate_bias_mean": 0.0,
      "policy/option_hidden_scale_gate_bias_scale": 0.0,
      "run_dir": "outputs/experiments/memory_actor_hidden_shiftgate075_scale325_neg_scale_bias_probe/memory_por_switchy_actor_hidden_partial_shift22_shiftgate075_scale325",
      "shoulder_t008/margin": 2.171589257487554,
      "shoulder_t008/return": 0.525034717284143,
      "shoulder_t008/success": 0.53125,
      "throughput_fps": 87.32422860066461,
      "train/episode_return": 0.5578571408987045,
      "train/success_rate": 0.5714285714285714,
      "variant": "shift22_shiftgate075_scale325"
    },
    {
      "gap_t0055/margin": 0.9282801636943111,
      "gap_t0055/return": 0.0,
      "gap_t0055/success": 0.0,
      "greedy/margin": 0.9282801636943111,
      "greedy/return": 0.0,
      "greedy/success": 0.0,
      "label": "por_actor_hidden_partial_shift22_shiftgate075_scale325_scalebiasneg005",
      "lower_t005/margin": 0.9282801636943111,
      "lower_t005/return": 0.0,
      "lower_t005/success": 0.0,
      "policy/option_hidden_film_gate_mean": 0.31807767347789107,
      "policy/option_hidden_film_scale_norm": 0.22297689816282118,
      "policy/option_hidden_film_shift_norm": 0.05162173960311913,
      "policy/option_hidden_gate_bias_mean": 0.004473692640938141,
      "policy/option_hidden_scale_gate_bias_mean": -2.2368462417450055e-05,
      "policy/option_hidden_scale_gate_bias_scale": -0.004999999999999921,
      "run_dir": "outputs/experiments/memory_actor_hidden_shiftgate075_scale325_neg_scale_bias_probe/memory_por_switchy_actor_hidden_partial_shift22_shiftgate075_scale325_scalebiasneg005",
      "shoulder_t008/margin": 0.9282801636943111,
      "shoulder_t008/return": 0.0,
      "shoulder_t008/success": 0.0,
      "throughput_fps": 83.26867890766476,
      "train/episode_return": 0.2922222316265106,
      "train/success_rate": 0.5,
      "variant": "shift22_shiftgate075_scale325_scalebiasneg005"
    },
    {
      "gap_t0055/margin": 0.7140525430233943,
      "gap_t0055/return": 0.0,
      "gap_t0055/success": 0.0,
      "greedy/margin": 0.7140525430233943,
      "greedy/return": 0.0,
      "greedy/success": 0.0,
      "label": "por_actor_hidden_partial_shift22_shiftgate075_scale325_scalebiasneg01",
      "lower_t005/margin": 0.7140525430233943,
      "lower_t005/return": 0.0,
      "lower_t005/success": 0.0,
      "policy/option_hidden_film_gate_mean": 0.11434731208431868,
      "policy/option_hidden_film_scale_norm": 0.054313937114712635,
      "policy/option_hidden_film_shift_norm": 0.019176276265011158,
      "policy/option_hidden_gate_bias_mean": -0.0010569795162738934,
      "policy/option_hidden_scale_gate_bias_mean": 1.0569795222743127e-05,
      "policy/option_hidden_scale_gate_bias_scale": -0.009999999999999842,
      "run_dir": "outputs/experiments/memory_actor_hidden_shiftgate075_scale325_neg_scale_bias_probe/memory_por_switchy_actor_hidden_partial_shift22_shiftgate075_scale325_scalebiasneg01",
      "shoulder_t008/margin": 0.7140525430233943,
      "shoulder_t008/return": 0.0,
      "shoulder_t008/success": 0.0,
      "throughput_fps": 86.52986416035942,
      "train/episode_return": 0.5100584783052143,
      "train/success_rate": 0.5263157894736842,
      "variant": "shift22_shiftgate075_scale325_scalebiasneg01"
    }
  ]
}