{
  "rows": [
    {
      "eval_return": 0.0,
      "eval_success_rate": 0.0,
      "gap_t0055/margin": 0.4250404139806415,
      "gap_t0055/return": 0.3697569463402033,
      "gap_t0055/success": 0.453125,
      "greedy/margin": 0.29943808566916874,
      "greedy/return": 0.0,
      "greedy/success": 0.0,
      "label": "por_base",
      "lower_t005/margin": 0.3720607345882373,
      "lower_t005/return": 0.2513888902030885,
      "lower_t005/success": 0.375,
      "policy/option_hidden_film_gate_mean": 0.0,
      "policy/option_hidden_film_gate_signal_mean": 0.0,
      "policy/option_hidden_film_scale_norm": 0.0,
      "policy/option_hidden_film_shift_norm": 0.0,
      "policy/option_hidden_film_shift_weight": 0.0,
      "run_dir": "outputs/experiments/memory_actor_hidden_lower_shift_probe/memory_por_switchy_rerun",
      "shoulder_t008/margin": 0.72771759272405,
      "shoulder_t008/return": 0.43284722324460745,
      "shoulder_t008/success": 0.46875,
      "throughput_fps": 117.08838860110662,
      "train/episode_return": 0.5171717161482031,
      "train/success_rate": 0.5303030303030303,
      "variant": "none"
    },
    {
      "eval_return": 0.0,
      "eval_success_rate": 0.0,
      "gap_t0055/margin": 0.0527411780377597,
      "gap_t0055/return": 0.0,
      "gap_t0055/success": 0.0,
      "greedy/margin": 0.05271239041086332,
      "greedy/return": 0.0,
      "greedy/success": 0.0,
      "label": "por_actor_hidden_partial_shift15",
      "lower_t005/margin": 0.052730492769200124,
      "lower_t005/return": 0.0,
      "lower_t005/success": 0.0,
      "policy/option_hidden_film_gate_mean": 0.1232397615633629,
      "policy/option_hidden_film_gate_signal_mean": 0.3521136004615713,
      "policy/option_hidden_film_scale_norm": 0.04350526816683051,
      "policy/option_hidden_film_shift_norm": 0.00455060634865529,
      "policy/option_hidden_film_shift_weight": 0.15000000000000216,
      "run_dir": "outputs/experiments/memory_actor_hidden_lower_shift_probe/memory_por_switchy_actor_hidden_partial_shift15",
      "shoulder_t008/margin": 0.05278742183689718,
      "shoulder_t008/return": 0.0,
      "shoulder_t008/success": 0.0,
      "throughput_fps": 95.85898452641892,
      "train/episode_return": 0.46088888943195344,
      "train/success_rate": 0.55,
      "variant": "partial_shift_0.15"
    },
    {
      "eval_return": 0.0,
      "eval_success_rate": 0.0,
      "gap_t0055/margin": 0.16786914602524144,
      "gap_t0055/return": 0.3882638900540769,
      "gap_t0055/success": 0.46875,
      "greedy/margin": 0.22528398642661396,
      "greedy/return": 0.0,
      "greedy/success": 0.0,
      "label": "por_actor_hidden_partial_shift20",
      "lower_t005/margin": 0.15903896604032863,
      "lower_t005/return": 0.36881944397464395,
      "lower_t005/success": 0.5,
      "policy/option_hidden_film_gate_mean": 0.14692889118084201,
      "policy/option_hidden_film_gate_signal_mean": 0.41979683667053413,
      "policy/option_hidden_film_scale_norm": 0.05024018885774745,
      "policy/option_hidden_film_shift_norm": 0.007622948946017358,
      "policy/option_hidden_film_shift_weight": 0.1999999999999992,
      "run_dir": "outputs/experiments/memory_actor_hidden_lower_shift_probe/memory_por_switchy_actor_hidden_partial_shift20",
      "shoulder_t008/margin": 0.16581893786401514,
      "shoulder_t008/return": 0.3818749971687794,
      "shoulder_t008/success": 0.4375,
      "throughput_fps": 95.12728279173217,
      "train/episode_return": 0.23333333432674408,
      "train/success_rate": 0.5,
      "variant": "partial_shift_0.20"
    },
    {
      "eval_return": 0.5558333285152912,
      "eval_success_rate": 0.5625,
      "gap_t0055/margin": 2.6549503761388005,
      "gap_t0055/return": 0.4627083297818899,
      "gap_t0055/success": 0.46875,
      "greedy/margin": 2.6549503761388005,
      "greedy/return": 0.4627083297818899,
      "greedy/success": 0.46875,
      "label": "por_actor_hidden_partial_shift25",
      "lower_t005/margin": 2.6549503761388005,
      "lower_t005/return": 0.4627083297818899,
      "lower_t005/success": 0.46875,
      "policy/option_hidden_film_gate_mean": 0.12403116055897304,
      "policy/option_hidden_film_gate_signal_mean": 0.35437474080494474,
      "policy/option_hidden_film_scale_norm": 0.12295395987374443,
      "policy/option_hidden_film_shift_norm": 0.03147692752203771,
      "policy/option_hidden_film_shift_weight": 0.25,
      "run_dir": "outputs/experiments/memory_actor_hidden_lower_shift_probe/memory_por_switchy_actor_hidden_partial_shift25",
      "shoulder_t008/margin": 2.6549503761388005,
      "shoulder_t008/return": 0.4627083297818899,
      "shoulder_t008/success": 0.46875,
      "throughput_fps": 95.73381509014519,
      "train/episode_return": 0.49404444138209025,
      "train/success_rate": 0.5066666666666667,
      "variant": "partial_shift_0.25"
    }
  ]
}