{
  "rows": [
    {
      "eval_return": 0.0,
      "eval_success_rate": 0.0,
      "gap_t0055/margin": 0.4250404139806415,
      "gap_t0055/return": 0.3697569463402033,
      "gap_t0055/success": 0.453125,
      "greedy/margin": 0.29943808566916874,
      "greedy/return": 0.0,
      "greedy/success": 0.0,
      "label": "por_base",
      "lower_t005/margin": 0.3720607345882373,
      "lower_t005/return": 0.2513888902030885,
      "lower_t005/success": 0.375,
      "policy/option_hidden_film_gate_mean": 0.0,
      "policy/option_hidden_film_gate_signal_mean": 0.0,
      "policy/option_hidden_film_scale_norm": 0.0,
      "policy/option_hidden_film_shift_norm": 0.0,
      "policy/option_hidden_film_shift_weight": 0.0,
      "run_dir": "outputs/experiments/memory_actor_hidden_partial_shift_scale_probe/memory_por_switchy_rerun",
      "shoulder_t008/margin": 0.72771759272405,
      "shoulder_t008/return": 0.43284722324460745,
      "shoulder_t008/success": 0.46875,
      "throughput_fps": 116.56016312597836,
      "train/episode_return": 0.5171717161482031,
      "train/success_rate": 0.5303030303030303,
      "variant": "none"
    },
    {
      "eval_return": 0.0,
      "eval_success_rate": 0.0,
      "gap_t0055/margin": 1.2359713399253878,
      "gap_t0055/return": 0.0,
      "gap_t0055/success": 0.0,
      "greedy/margin": 1.2359713399253878,
      "greedy/return": 0.0,
      "greedy/success": 0.0,
      "label": "por_actor_hidden_partial_shift25_scale30",
      "lower_t005/margin": 1.2359713399253878,
      "lower_t005/return": 0.0,
      "lower_t005/success": 0.0,
      "policy/option_hidden_film_gate_mean": 0.11580898317473906,
      "policy/option_hidden_film_gate_signal_mean": 0.38602992424994337,
      "policy/option_hidden_film_scale_norm": 0.030515746963152915,
      "policy/option_hidden_film_shift_norm": 0.007229164599176542,
      "policy/option_hidden_film_shift_weight": 0.25,
      "run_dir": "outputs/experiments/memory_actor_hidden_partial_shift_scale_probe/memory_por_switchy_actor_hidden_partial_shift25_scale30",
      "shoulder_t008/margin": 1.2359713399253878,
      "shoulder_t008/return": 0.0,
      "shoulder_t008/success": 0.0,
      "throughput_fps": 96.16159461217887,
      "train/episode_return": 0.4996031735624586,
      "train/success_rate": 0.5357142857142857,
      "variant": "shift25_scale30"
    },
    {
      "eval_return": 0.0,
      "eval_success_rate": 0.0,
      "gap_t0055/margin": 0.3479747527658387,
      "gap_t0055/return": 0.0,
      "gap_t0055/success": 0.0,
      "greedy/margin": 0.3479747527658387,
      "greedy/return": 0.0,
      "greedy/success": 0.0,
      "label": "por_actor_hidden_partial_shift25_scale325",
      "lower_t005/margin": 0.3479747527658387,
      "lower_t005/return": 0.0,
      "lower_t005/success": 0.0,
      "policy/option_hidden_film_gate_mean": 0.3141002610509778,
      "policy/option_hidden_film_gate_signal_mean": 0.9664623570295028,
      "policy/option_hidden_film_scale_norm": 0.2266408302993686,
      "policy/option_hidden_film_shift_norm": 0.06812944631839608,
      "policy/option_hidden_film_shift_weight": 0.25,
      "run_dir": "outputs/experiments/memory_actor_hidden_partial_shift_scale_probe/memory_por_switchy_actor_hidden_partial_shift25_scale325",
      "shoulder_t008/margin": 0.34756351606053865,
      "shoulder_t008/return": 0.16281249886378646,
      "shoulder_t008/success": 0.265625,
      "throughput_fps": 95.2506901567523,
      "train/episode_return": 0.28166666254401207,
      "train/success_rate": 0.5,
      "variant": "shift25_scale325"
    },
    {
      "eval_return": 0.5558333285152912,
      "eval_success_rate": 0.5625,
      "gap_t0055/margin": 2.6549503761388005,
      "gap_t0055/return": 0.4627083297818899,
      "gap_t0055/success": 0.46875,
      "greedy/margin": 2.6549503761388005,
      "greedy/return": 0.4627083297818899,
      "greedy/success": 0.46875,
      "label": "por_actor_hidden_partial_shift25",
      "lower_t005/margin": 2.6549503761388005,
      "lower_t005/return": 0.4627083297818899,
      "lower_t005/success": 0.46875,
      "policy/option_hidden_film_gate_mean": 0.12403116055897304,
      "policy/option_hidden_film_gate_signal_mean": 0.35437474080494474,
      "policy/option_hidden_film_scale_norm": 0.12295395987374443,
      "policy/option_hidden_film_shift_norm": 0.03147692752203771,
      "policy/option_hidden_film_shift_weight": 0.25,
      "run_dir": "outputs/experiments/memory_actor_hidden_partial_shift_scale_probe/memory_por_switchy_actor_hidden_partial_shift25",
      "shoulder_t008/margin": 2.6549503761388005,
      "shoulder_t008/return": 0.4627083297818899,
      "shoulder_t008/success": 0.46875,
      "throughput_fps": 95.6682880448476,
      "train/episode_return": 0.49404444138209025,
      "train/success_rate": 0.5066666666666667,
      "variant": "shift25_scale35"
    }
  ]
}