{
  "rows": [
    {
      "eval_return": 0.0,
      "eval_success_rate": 0.0,
      "family": "por",
      "gap_t0055/margin": 0.4250404139806415,
      "gap_t0055/max_prob": 0.9947481742047178,
      "gap_t0055/return": 0.3697569463402033,
      "gap_t0055/success": 0.453125,
      "greedy/margin": 0.29943808566916874,
      "greedy/max_prob": 0.37733840134431734,
      "greedy/return": 0.0,
      "greedy/success": 0.0,
      "label": "por_base",
      "lower_t005/margin": 0.3720607345882373,
      "lower_t005/max_prob": 0.9966873183472376,
      "lower_t005/return": 0.2513888902030885,
      "lower_t005/success": 0.375,
      "policy/option_hidden_film_gate_mean": 0.0,
      "policy/option_hidden_film_gate_signal_mean": 0.0,
      "policy/option_hidden_film_scale_norm": 0.0,
      "policy/option_hidden_film_shift_norm": 0.0,
      "run_dir": "outputs/experiments/memory_actor_hidden_film_probe/memory_por_switchy_rerun",
      "shoulder_t008/margin": 0.72771759272405,
      "shoulder_t008/max_prob": 0.9803302613515281,
      "shoulder_t008/return": 0.43284722324460745,
      "shoulder_t008/success": 0.46875,
      "throughput_fps": 117.3703549477109,
      "train/episode_return": 0.5171717161482031,
      "train/success_rate": 0.5303030303030303,
      "variant": "none"
    },
    {
      "eval_return": 0.0,
      "eval_success_rate": 0.0,
      "family": "por",
      "gap_t0055/margin": 0.033259143131754605,
      "gap_t0055/max_prob": 0.6438945644588978,
      "gap_t0055/return": 0.3695833315141499,
      "gap_t0055/success": 0.46875,
      "greedy/margin": 0.04470487718734844,
      "greedy/max_prob": 0.24406156562912612,
      "greedy/return": 0.0,
      "greedy/success": 0.0,
      "label": "por_actor_hidden_film",
      "lower_t005/margin": 0.03425383881537741,
      "lower_t005/max_prob": 0.6614942417990679,
      "lower_t005/return": 0.364479165058583,
      "lower_t005/success": 0.4375,
      "policy/option_hidden_film_gate_mean": 0.1444354913668868,
      "policy/option_hidden_film_gate_signal_mean": 0.2888709827337736,
      "policy/option_hidden_film_scale_norm": 0.02865583852255418,
      "policy/option_hidden_film_shift_norm": 0.032642680480156415,
      "run_dir": "outputs/experiments/memory_actor_hidden_film_probe/memory_por_switchy_actor_hidden_film",
      "shoulder_t008/margin": 0.032146580875902775,
      "shoulder_t008/max_prob": 0.5964007391385406,
      "shoulder_t008/return": 0.39083333034068346,
      "shoulder_t008/success": 0.453125,
      "throughput_fps": 101.04365026256762,
      "train/episode_return": 0.4977777674794197,
      "train/success_rate": 0.75,
      "variant": "scale_0.5"
    },
    {
      "eval_return": 0.0,
      "eval_success_rate": 0.0,
      "family": "por",
      "gap_t0055/margin": 0.8312256539493432,
      "gap_t0055/max_prob": 0.9999997619079587,
      "gap_t0055/return": 0.0,
      "gap_t0055/success": 0.0,
      "greedy/margin": 0.8312256539493432,
      "greedy/max_prob": 0.43040918541934203,
      "greedy/return": 0.0,
      "greedy/success": 0.0,
      "label": "por_actor_hidden_film_small",
      "lower_t005/margin": 0.8312256539493432,
      "lower_t005/max_prob": 0.9999998818990994,
      "lower_t005/return": 0.0,
      "lower_t005/success": 0.0,
      "policy/option_hidden_film_gate_mean": 0.07232865509059694,
      "policy/option_hidden_film_gate_signal_mean": 0.28931462036238775,
      "policy/option_hidden_film_scale_norm": 0.0203789118056496,
      "policy/option_hidden_film_shift_norm": 0.03132796318810663,
      "run_dir": "outputs/experiments/memory_actor_hidden_film_probe/memory_por_switchy_actor_hidden_film_small",
      "shoulder_t008/margin": 0.8312256539493432,
      "shoulder_t008/max_prob": 0.9999691853184759,
      "shoulder_t008/return": 0.0,
      "shoulder_t008/success": 0.0,
      "throughput_fps": 100.00403518020924,
      "train/episode_return": 0.25396825798920225,
      "train/success_rate": 0.42857142857142855,
      "variant": "scale_0.25"
    },
    {
      "eval_return": 0.0,
      "eval_success_rate": 0.0,
      "family": "token_gru",
      "gap_t0055/margin": 0.23411640249478563,
      "gap_t0055/max_prob": 0.9790685599103376,
      "gap_t0055/return": 0.2568749987985939,
      "gap_t0055/success": 0.359375,
      "greedy/margin": 0.24487097315536235,
      "greedy/max_prob": 0.35910022178388856,
      "greedy/return": 0.0,
      "greedy/success": 0.0,
      "label": "gru_base",
      "lower_t005/margin": 0.23505714632629304,
      "lower_t005/max_prob": 0.9833904208279735,
      "lower_t005/return": 0.16225694492459297,
      "lower_t005/success": 0.25,
      "policy/option_hidden_film_gate_mean": 0.0,
      "policy/option_hidden_film_gate_signal_mean": 0.0,
      "policy/option_hidden_film_scale_norm": 0.0,
      "policy/option_hidden_film_shift_norm": 0.0,
      "run_dir": "outputs/experiments/memory_actor_hidden_film_probe/memory_token_gru_long_rerun",
      "shoulder_t008/margin": 0.22837147816921577,
      "shoulder_t008/max_prob": 0.9338808590261151,
      "shoulder_t008/return": 0.36909722071141005,
      "shoulder_t008/success": 0.453125,
      "throughput_fps": 138.4915203226505,
      "train/episode_return": 0.2570370336373647,
      "train/success_rate": 0.3333333333333333,
      "variant": "none"
    }
  ]
}