{
  "rows": [
    {
      "eval_return": 0.0,
      "eval_success_rate": 0.0,
      "gap_t0055/margin": 0.4250404139806415,
      "gap_t0055/return": 0.3697569463402033,
      "gap_t0055/success": 0.453125,
      "greedy/margin": 0.29943808566916874,
      "greedy/return": 0.0,
      "greedy/success": 0.0,
      "label": "por_base",
      "lower_t005/margin": 0.3720607345882373,
      "lower_t005/return": 0.2513888902030885,
      "lower_t005/success": 0.375,
      "policy/option_hidden_film_gate_mean": 0.0,
      "policy/option_hidden_film_gate_signal_mean": 0.0,
      "policy/option_hidden_film_scale_norm": 0.0,
      "policy/option_hidden_film_shift_norm": 0.0,
      "policy/option_hidden_film_shift_weight": 0.0,
      "run_dir": "outputs/experiments/memory_actor_hidden_micro_shift_probe/memory_por_switchy_rerun",
      "shoulder_t008/margin": 0.72771759272405,
      "shoulder_t008/return": 0.43284722324460745,
      "shoulder_t008/success": 0.46875,
      "throughput_fps": 115.55630398320181,
      "train/episode_return": 0.5171717161482031,
      "train/success_rate": 0.5303030303030303,
      "variant": "none"
    },
    {
      "eval_return": 0.5558333285152912,
      "eval_success_rate": 0.5625,
      "gap_t0055/margin": 1.3328889194011155,
      "gap_t0055/return": 0.46243055164813995,
      "gap_t0055/success": 0.46875,
      "greedy/margin": 1.37835688707197,
      "greedy/return": 0.4627083297818899,
      "greedy/success": 0.46875,
      "label": "por_actor_hidden_partial_shift22",
      "lower_t005/margin": 1.3326482229134333,
      "lower_t005/return": 0.46249999571591616,
      "lower_t005/success": 0.46875,
      "policy/option_hidden_film_gate_mean": 0.20377264065401895,
      "policy/option_hidden_film_gate_signal_mean": 0.5822075435093471,
      "policy/option_hidden_film_scale_norm": 0.3371640741825104,
      "policy/option_hidden_film_shift_norm": 0.048238067754677365,
      "policy/option_hidden_film_shift_weight": 0.22000000000000006,
      "run_dir": "outputs/experiments/memory_actor_hidden_micro_shift_probe/memory_por_switchy_actor_hidden_partial_shift22",
      "shoulder_t008/margin": 1.332640333543901,
      "shoulder_t008/return": 0.46236110758036375,
      "shoulder_t008/success": 0.46875,
      "throughput_fps": 95.12117537057861,
      "train/episode_return": 0.6430555582046509,
      "train/success_rate": 0.6666666666666666,
      "variant": "partial_shift_0.22"
    },
    {
      "eval_return": 0.0,
      "eval_success_rate": 0.0,
      "gap_t0055/margin": 0.5726333703134677,
      "gap_t0055/return": 0.3985416698269546,
      "gap_t0055/success": 0.46875,
      "greedy/margin": 0.24085286297363998,
      "greedy/return": 0.0,
      "greedy/success": 0.0,
      "label": "por_actor_hidden_partial_shift221",
      "lower_t005/margin": 0.5217907474204441,
      "lower_t005/return": 0.4123263922519982,
      "lower_t005/success": 0.515625,
      "policy/option_hidden_film_gate_mean": 0.11714265199355137,
      "policy/option_hidden_film_gate_signal_mean": 0.33469329969382583,
      "policy/option_hidden_film_scale_norm": 0.05391573253789066,
      "policy/option_hidden_film_shift_norm": 0.010627010274954416,
      "policy/option_hidden_film_shift_weight": 0.2210000000000017,
      "run_dir": "outputs/experiments/memory_actor_hidden_micro_shift_probe/memory_por_switchy_actor_hidden_partial_shift221",
      "shoulder_t008/margin": 0.8769569411206981,
      "shoulder_t008/return": 0.4648263892158866,
      "shoulder_t008/success": 0.484375,
      "throughput_fps": 94.1547304580589,
      "train/episode_return": 0.5313725462731194,
      "train/success_rate": 0.5588235294117647,
      "variant": "partial_shift_0.221"
    },
    {
      "eval_return": 0.0,
      "eval_success_rate": 0.0,
      "gap_t0055/margin": 0.5832788812019576,
      "gap_t0055/return": 0.0,
      "gap_t0055/success": 0.0,
      "greedy/margin": 0.5832788812019576,
      "greedy/return": 0.0,
      "greedy/success": 0.0,
      "label": "por_actor_hidden_partial_shift2225",
      "lower_t005/margin": 0.5832788812019576,
      "lower_t005/return": 0.0,
      "lower_t005/success": 0.0,
      "policy/option_hidden_film_gate_mean": 0.1323881110475387,
      "policy/option_hidden_film_gate_signal_mean": 0.37825177054346343,
      "policy/option_hidden_film_scale_norm": 0.07278139323548034,
      "policy/option_hidden_film_shift_norm": 0.015961650515228142,
      "policy/option_hidden_film_shift_weight": 0.22249999999999723,
      "run_dir": "outputs/experiments/memory_actor_hidden_micro_shift_probe/memory_por_switchy_actor_hidden_partial_shift2225",
      "shoulder_t008/margin": 0.5832788812019576,
      "shoulder_t008/return": 0.0,
      "shoulder_t008/success": 0.0,
      "throughput_fps": 95.50900235446048,
      "train/episode_return": 0.5327777773141861,
      "train/success_rate": 0.55,
      "variant": "partial_shift_0.2225"
    }
  ]
}