{
  "rows": [
    {
      "eval_return": 0.0,
      "eval_success_rate": 0.0,
      "gap_t0055/margin": 0.4250404139806415,
      "gap_t0055/return": 0.3697569463402033,
      "gap_t0055/success": 0.453125,
      "greedy/margin": 0.29943808566916874,
      "greedy/return": 0.0,
      "greedy/success": 0.0,
      "label": "por_base",
      "lower_t005/margin": 0.3720607345882373,
      "lower_t005/return": 0.2513888902030885,
      "lower_t005/success": 0.375,
      "policy/option_hidden_film_duration_mix": 0.0,
      "policy/option_hidden_film_gate_mean": 0.0,
      "policy/option_hidden_film_gate_signal_mean": 0.0,
      "policy/option_hidden_film_scale_norm": 0.0,
      "policy/option_hidden_film_shift_norm": 0.0,
      "run_dir": "outputs/experiments/memory_actor_hidden_film_mixed_probe/memory_por_switchy_rerun",
      "shoulder_t008/margin": 0.72771759272405,
      "shoulder_t008/return": 0.43284722324460745,
      "shoulder_t008/success": 0.46875,
      "throughput_fps": 115.79143816429374,
      "train/episode_return": 0.5171717161482031,
      "train/success_rate": 0.5303030303030303,
      "variant": "none"
    },
    {
      "eval_return": 0.0,
      "eval_success_rate": 0.0,
      "gap_t0055/margin": 0.033259143131754605,
      "gap_t0055/return": 0.3695833315141499,
      "gap_t0055/success": 0.46875,
      "greedy/margin": 0.04470487718734844,
      "greedy/return": 0.0,
      "greedy/success": 0.0,
      "label": "por_actor_hidden_film",
      "lower_t005/margin": 0.03425383881537741,
      "lower_t005/return": 0.364479165058583,
      "lower_t005/success": 0.4375,
      "policy/option_hidden_film_duration_mix": 1.0,
      "policy/option_hidden_film_gate_mean": 0.1444354913668868,
      "policy/option_hidden_film_gate_signal_mean": 0.2888709827337736,
      "policy/option_hidden_film_scale_norm": 0.02865583852255418,
      "policy/option_hidden_film_shift_norm": 0.032642680480156415,
      "run_dir": "outputs/experiments/memory_actor_hidden_film_mixed_probe/memory_por_switchy_actor_hidden_film",
      "shoulder_t008/margin": 0.032146580875902775,
      "shoulder_t008/return": 0.39083333034068346,
      "shoulder_t008/success": 0.453125,
      "throughput_fps": 96.00157376630364,
      "train/episode_return": 0.4977777674794197,
      "train/success_rate": 0.75,
      "variant": "duration_only"
    },
    {
      "eval_return": 0.0,
      "eval_success_rate": 0.0,
      "gap_t0055/margin": 2.271029569815706,
      "gap_t0055/return": 0.0,
      "gap_t0055/success": 0.0,
      "greedy/margin": 2.271029569815706,
      "greedy/return": 0.0,
      "greedy/success": 0.0,
      "label": "por_actor_hidden_film_mixed50",
      "lower_t005/margin": 2.271029569815706,
      "lower_t005/return": 0.0,
      "lower_t005/success": 0.0,
      "policy/option_hidden_film_duration_mix": 0.5,
      "policy/option_hidden_film_gate_mean": 0.09181183442289446,
      "policy/option_hidden_film_gate_signal_mean": 0.18362366884578893,
      "policy/option_hidden_film_scale_norm": 0.034067853002084626,
      "policy/option_hidden_film_shift_norm": 0.06345134486478787,
      "run_dir": "outputs/experiments/memory_actor_hidden_film_mixed_probe/memory_por_switchy_actor_hidden_film_mixed50",
      "shoulder_t008/margin": 2.271029569815706,
      "shoulder_t008/return": 0.0,
      "shoulder_t008/success": 0.0,
      "throughput_fps": 94.58609863848166,
      "train/episode_return": 0.3618803436939533,
      "train/success_rate": 0.38461538461538464,
      "variant": "mix_0.50"
    },
    {
      "eval_return": 0.0,
      "eval_success_rate": 0.0,
      "gap_t0055/margin": 1.5564999646564694,
      "gap_t0055/return": 0.0,
      "gap_t0055/success": 0.0,
      "greedy/margin": 1.5564999646564694,
      "greedy/return": 0.0,
      "greedy/success": 0.0,
      "label": "por_actor_hidden_film_mixed75",
      "lower_t005/margin": 1.5564999646564694,
      "lower_t005/return": 0.0,
      "lower_t005/success": 0.0,
      "policy/option_hidden_film_duration_mix": 0.75,
      "policy/option_hidden_film_gate_mean": 0.12249477256411388,
      "policy/option_hidden_film_gate_signal_mean": 0.24498954512822776,
      "policy/option_hidden_film_scale_norm": 0.03062523086497813,
      "policy/option_hidden_film_shift_norm": 0.04316382948079227,
      "run_dir": "outputs/experiments/memory_actor_hidden_film_mixed_probe/memory_por_switchy_actor_hidden_film_mixed75",
      "shoulder_t008/margin": 1.5564999646564694,
      "shoulder_t008/return": 0.0,
      "shoulder_t008/success": 0.0,
      "throughput_fps": 95.94260377695095,
      "train/episode_return": 0.42266666889190674,
      "train/success_rate": 0.5,
      "variant": "mix_0.75"
    }
  ]
}