{
  "rows": [
    {
      "gap_t0055/margin": 0.4250404139806415,
      "gap_t0055/return": 0.3697569463402033,
      "gap_t0055/success": 0.453125,
      "greedy/margin": 0.29943808566916874,
      "greedy/return": 0.0,
      "greedy/success": 0.0,
      "label": "por_base",
      "lower_t005/margin": 0.3720607345882373,
      "lower_t005/return": 0.2513888902030885,
      "lower_t005/success": 0.375,
      "policy/option_hidden_adaptive_scale_floor": 0.0,
      "policy/option_hidden_adaptive_scale_mean": 0.0,
      "policy/option_hidden_film_gate_mean": 0.0,
      "policy/option_hidden_film_gate_signal_mean": 0.0,
      "policy/option_hidden_film_scale_norm": 0.0,
      "policy/option_hidden_film_shift_norm": 0.0,
      "policy/option_hidden_scale_floor": 0.0,
      "run_dir": "outputs/experiments/memory_actor_hidden_adaptive_scale_floor_probe/memory_por_switchy_rerun",
      "shoulder_t008/margin": 0.72771759272405,
      "shoulder_t008/return": 0.43284722324460745,
      "shoulder_t008/success": 0.46875,
      "throughput_fps": 115.91164208426638,
      "train/episode_return": 0.5171717161482031,
      "train/success_rate": 0.5303030303030303,
      "variant": "none"
    },
    {
      "gap_t0055/margin": 2.3544344390165945,
      "gap_t0055/return": 0.4627083297818899,
      "gap_t0055/success": 0.46875,
      "greedy/margin": 2.3544344390165945,
      "greedy/return": 0.4627083297818899,
      "greedy/success": 0.46875,
      "label": "por_actor_hidden_partial_shift22",
      "lower_t005/margin": 2.3544344390165945,
      "lower_t005/return": 0.4627083297818899,
      "lower_t005/success": 0.46875,
      "policy/option_hidden_adaptive_scale_floor": 0.0,
      "policy/option_hidden_adaptive_scale_mean": 0.14329319021531514,
      "policy/option_hidden_film_gate_mean": 0.14329319021531514,
      "policy/option_hidden_film_gate_signal_mean": 0.4094091142926897,
      "policy/option_hidden_film_scale_norm": 0.10732636920043401,
      "policy/option_hidden_film_shift_norm": 0.02282115417931761,
      "policy/option_hidden_scale_floor": 0.0,
      "run_dir": "outputs/experiments/memory_actor_hidden_adaptive_scale_floor_probe/memory_por_switchy_actor_hidden_partial_shift22",
      "shoulder_t008/margin": 2.3544344390165945,
      "shoulder_t008/return": 0.4627083297818899,
      "shoulder_t008/success": 0.46875,
      "throughput_fps": 92.67863612343977,
      "train/episode_return": 0.650861106812954,
      "train/success_rate": 0.6625,
      "variant": "partial_shift22"
    },
    {
      "gap_t0055/margin": 1.4542922185624543,
      "gap_t0055/return": 0.47659722063690424,
      "gap_t0055/success": 0.484375,
      "greedy/margin": 1.077030443059563,
      "greedy/return": 0.30878471955657005,
      "greedy/success": 0.3125,
      "label": "por_actor_hidden_partial_shift22_adaptive_floor25",
      "lower_t005/margin": 1.429976086680089,
      "lower_t005/return": 0.46003472059965134,
      "lower_t005/success": 0.46875,
      "policy/option_hidden_adaptive_scale_floor": 1.0,
      "policy/option_hidden_adaptive_scale_mean": 0.11408416788887095,
      "policy/option_hidden_film_gate_mean": 0.12601790257074214,
      "policy/option_hidden_film_gate_signal_mean": 0.39414758770554154,
      "policy/option_hidden_film_scale_norm": 0.028516159634347314,
      "policy/option_hidden_film_shift_norm": 0.007824944141378373,
      "policy/option_hidden_scale_floor": 0.25,
      "run_dir": "outputs/experiments/memory_actor_hidden_adaptive_scale_floor_probe/memory_por_switchy_actor_hidden_partial_shift22_adaptive_floor25",
      "shoulder_t008/margin": 1.534892169641294,
      "shoulder_t008/return": 0.4613541644066572,
      "shoulder_t008/success": 0.46875,
      "throughput_fps": 91.0927625231911,
      "train/episode_return": 0.4403888896107674,
      "train/success_rate": 0.45,
      "variant": "partial_shift22_adaptive_floor25"
    },
    {
      "gap_t0055/margin": 1.3223730163671719,
      "gap_t0055/return": 0.0,
      "gap_t0055/success": 0.0,
      "greedy/margin": 1.3223730163671719,
      "greedy/return": 0.0,
      "greedy/success": 0.0,
      "label": "por_actor_hidden_partial_shift22_adaptive_floor30",
      "lower_t005/margin": 1.3223730163671719,
      "lower_t005/return": 0.0,
      "lower_t005/success": 0.0,
      "policy/option_hidden_adaptive_scale_floor": 1.0,
      "policy/option_hidden_adaptive_scale_mean": 0.1097622300831624,
      "policy/option_hidden_film_gate_mean": 0.11541835448624176,
      "policy/option_hidden_film_gate_signal_mean": 0.34592710306615004,
      "policy/option_hidden_film_scale_norm": 0.060350512630409664,
      "policy/option_hidden_film_shift_norm": 0.015735243480468605,
      "policy/option_hidden_scale_floor": 0.3000000000000043,
      "run_dir": "outputs/experiments/memory_actor_hidden_adaptive_scale_floor_probe/memory_por_switchy_actor_hidden_partial_shift22_adaptive_floor30",
      "shoulder_t008/margin": 1.3223730163671719,
      "shoulder_t008/return": 0.0,
      "shoulder_t008/success": 0.0,
      "throughput_fps": 91.87860077066989,
      "train/episode_return": 0.7194444388151169,
      "train/success_rate": 0.75,
      "variant": "partial_shift22_adaptive_floor30"
    }
  ]
}