{
  "rows": [
    {
      "eval_return": 0.0,
      "eval_success_rate": 0.0,
      "gap_t0055/margin": 0.4250404139806415,
      "gap_t0055/return": 0.3697569463402033,
      "gap_t0055/success": 0.453125,
      "greedy/margin": 0.29943808566916874,
      "greedy/return": 0.0,
      "greedy/success": 0.0,
      "label": "por_base",
      "lower_t005/margin": 0.3720607345882373,
      "lower_t005/return": 0.2513888902030885,
      "lower_t005/success": 0.375,
      "policy/option_hidden_film_gate_mean": 0.0,
      "policy/option_hidden_film_gate_signal_mean": 0.0,
      "policy/option_hidden_film_scale_norm": 0.0,
      "policy/option_hidden_film_shift_norm": 0.0,
      "policy/option_hidden_film_shift_weight": 0.0,
      "run_dir": "outputs/experiments/memory_actor_hidden_mid_shift_probe/memory_por_switchy_rerun",
      "shoulder_t008/margin": 0.72771759272405,
      "shoulder_t008/return": 0.43284722324460745,
      "shoulder_t008/success": 0.46875,
      "throughput_fps": 116.09007681017057,
      "train/episode_return": 0.5171717161482031,
      "train/success_rate": 0.5303030303030303,
      "variant": "none"
    },
    {
      "eval_return": 0.5558333285152912,
      "eval_success_rate": 0.5625,
      "gap_t0055/margin": 2.6142944591097708,
      "gap_t0055/return": 0.4626736082136631,
      "gap_t0055/success": 0.46875,
      "greedy/margin": 2.6271637698302843,
      "greedy/return": 0.4627083297818899,
      "greedy/success": 0.46875,
      "label": "por_actor_hidden_partial_shift225",
      "lower_t005/margin": 2.6142944591097708,
      "lower_t005/return": 0.4626736082136631,
      "lower_t005/success": 0.46875,
      "policy/option_hidden_film_gate_mean": 0.11688576958009175,
      "policy/option_hidden_film_gate_signal_mean": 0.33395934317793163,
      "policy/option_hidden_film_scale_norm": 0.09865589439868927,
      "policy/option_hidden_film_shift_norm": 0.022405138771448816,
      "policy/option_hidden_film_shift_weight": 0.22500000000000006,
      "run_dir": "outputs/experiments/memory_actor_hidden_mid_shift_probe/memory_por_switchy_actor_hidden_partial_shift225",
      "shoulder_t008/margin": 2.5711953115923007,
      "shoulder_t008/return": 0.46256944071501493,
      "shoulder_t008/success": 0.46875,
      "throughput_fps": 94.85277656542353,
      "train/episode_return": 0.4278968209400773,
      "train/success_rate": 0.4642857142857143,
      "variant": "partial_shift_0.225"
    },
    {
      "eval_return": 0.5558333285152912,
      "eval_success_rate": 0.5625,
      "gap_t0055/margin": 3.0006440258762312,
      "gap_t0055/return": 0.4627083297818899,
      "gap_t0055/success": 0.46875,
      "greedy/margin": 3.0006440258762312,
      "greedy/return": 0.4627083297818899,
      "greedy/success": 0.46875,
      "label": "por_actor_hidden_partial_shift24",
      "lower_t005/margin": 3.0006440258762312,
      "lower_t005/return": 0.4627083297818899,
      "lower_t005/success": 0.46875,
      "policy/option_hidden_film_gate_mean": 0.20545084880931036,
      "policy/option_hidden_film_gate_signal_mean": 0.5870024199996676,
      "policy/option_hidden_film_scale_norm": 0.15476497315934726,
      "policy/option_hidden_film_shift_norm": 0.038877163747591634,
      "policy/option_hidden_film_shift_weight": 0.24000000000000007,
      "run_dir": "outputs/experiments/memory_actor_hidden_mid_shift_probe/memory_por_switchy_actor_hidden_partial_shift24",
      "shoulder_t008/margin": 3.0006440258762312,
      "shoulder_t008/return": 0.4627083297818899,
      "shoulder_t008/success": 0.46875,
      "throughput_fps": 94.34191168874881,
      "train/episode_return": 0.5287278553713923,
      "train/success_rate": 0.5362318840579711,
      "variant": "partial_shift_0.24"
    },
    {
      "eval_return": 0.5558333285152912,
      "eval_success_rate": 0.5625,
      "gap_t0055/margin": 2.6549503761388005,
      "gap_t0055/return": 0.4627083297818899,
      "gap_t0055/success": 0.46875,
      "greedy/margin": 2.6549503761388005,
      "greedy/return": 0.4627083297818899,
      "greedy/success": 0.46875,
      "label": "por_actor_hidden_partial_shift25",
      "lower_t005/margin": 2.6549503761388005,
      "lower_t005/return": 0.4627083297818899,
      "lower_t005/success": 0.46875,
      "policy/option_hidden_film_gate_mean": 0.12403116055897304,
      "policy/option_hidden_film_gate_signal_mean": 0.35437474080494474,
      "policy/option_hidden_film_scale_norm": 0.12295395987374443,
      "policy/option_hidden_film_shift_norm": 0.03147692752203771,
      "policy/option_hidden_film_shift_weight": 0.25,
      "run_dir": "outputs/experiments/memory_actor_hidden_mid_shift_probe/memory_por_switchy_actor_hidden_partial_shift25",
      "shoulder_t008/margin": 2.6549503761388005,
      "shoulder_t008/return": 0.4627083297818899,
      "shoulder_t008/success": 0.46875,
      "throughput_fps": 94.30926486735865,
      "train/episode_return": 0.49404444138209025,
      "train/success_rate": 0.5066666666666667,
      "variant": "partial_shift_0.25"
    }
  ]
}