{
  "rows": [
    {
      "eval_return": 0.0,
      "eval_success_rate": 0.0,
      "gap_t0055/margin": 0.4250404139806415,
      "gap_t0055/return": 0.3697569463402033,
      "gap_t0055/success": 0.453125,
      "greedy/margin": 0.29943808566916874,
      "greedy/return": 0.0,
      "greedy/success": 0.0,
      "label": "por_base",
      "lower_t005/margin": 0.3720607345882373,
      "lower_t005/return": 0.2513888902030885,
      "lower_t005/success": 0.375,
      "policy/option_hidden_film_gate_mean": 0.0,
      "policy/option_hidden_film_gate_signal_mean": 0.0,
      "policy/option_hidden_film_scale_norm": 0.0,
      "policy/option_hidden_film_shift_norm": 0.0,
      "policy/option_hidden_film_shift_weight": 0.0,
      "run_dir": "outputs/experiments/memory_actor_hidden_upper_shift_probe/memory_por_switchy_rerun",
      "shoulder_t008/margin": 0.72771759272405,
      "shoulder_t008/return": 0.43284722324460745,
      "shoulder_t008/success": 0.46875,
      "throughput_fps": 116.89415893877162,
      "train/episode_return": 0.5171717161482031,
      "train/success_rate": 0.5303030303030303,
      "variant": "none"
    },
    {
      "eval_return": 0.5558333285152912,
      "eval_success_rate": 0.5625,
      "gap_t0055/margin": 2.6549503761388005,
      "gap_t0055/return": 0.4627083297818899,
      "gap_t0055/success": 0.46875,
      "greedy/margin": 2.6549503761388005,
      "greedy/return": 0.4627083297818899,
      "greedy/success": 0.46875,
      "label": "por_actor_hidden_partial_shift25",
      "lower_t005/margin": 2.6549503761388005,
      "lower_t005/return": 0.4627083297818899,
      "lower_t005/success": 0.46875,
      "policy/option_hidden_film_gate_mean": 0.12403116055897304,
      "policy/option_hidden_film_gate_signal_mean": 0.35437474080494474,
      "policy/option_hidden_film_scale_norm": 0.12295395987374443,
      "policy/option_hidden_film_shift_norm": 0.03147692752203771,
      "policy/option_hidden_film_shift_weight": 0.25,
      "run_dir": "outputs/experiments/memory_actor_hidden_upper_shift_probe/memory_por_switchy_actor_hidden_partial_shift25",
      "shoulder_t008/margin": 2.6549503761388005,
      "shoulder_t008/return": 0.4627083297818899,
      "shoulder_t008/success": 0.46875,
      "throughput_fps": 95.18788865266113,
      "train/episode_return": 0.49404444138209025,
      "train/success_rate": 0.5066666666666667,
      "variant": "partial_shift_0.25"
    },
    {
      "eval_return": 0.0,
      "eval_success_rate": 0.0,
      "gap_t0055/margin": 1.7182810837793867,
      "gap_t0055/return": 0.0,
      "gap_t0055/success": 0.0,
      "greedy/margin": 1.7182810837793867,
      "greedy/return": 0.0,
      "greedy/success": 0.0,
      "label": "por_actor_hidden_partial_shift30",
      "lower_t005/margin": 1.7182810837793867,
      "lower_t005/return": 0.0,
      "lower_t005/success": 0.0,
      "policy/option_hidden_film_gate_mean": 0.11708019732693095,
      "policy/option_hidden_film_gate_signal_mean": 0.3345148495317977,
      "policy/option_hidden_film_scale_norm": 0.024915095584260093,
      "policy/option_hidden_film_shift_norm": 0.006048227566650804,
      "policy/option_hidden_film_shift_weight": 0.3000000000000043,
      "run_dir": "outputs/experiments/memory_actor_hidden_upper_shift_probe/memory_por_switchy_actor_hidden_partial_shift30",
      "shoulder_t008/margin": 1.7182810837793867,
      "shoulder_t008/return": 0.0,
      "shoulder_t008/success": 0.0,
      "throughput_fps": 94.34912540572377,
      "train/episode_return": 0.4331481456756592,
      "train/success_rate": 0.5,
      "variant": "partial_shift_0.30"
    },
    {
      "eval_return": 0.0,
      "eval_success_rate": 0.0,
      "gap_t0055/margin": 0.5823042257148543,
      "gap_t0055/return": 0.0,
      "gap_t0055/success": 0.0,
      "greedy/margin": 0.5953752808824734,
      "greedy/return": 0.0,
      "greedy/success": 0.0,
      "label": "por_actor_hidden_partial_shift35",
      "lower_t005/margin": 0.5872735708813976,
      "lower_t005/return": 0.0,
      "lower_t005/success": 0.0,
      "policy/option_hidden_film_gate_mean": 0.11075767249236872,
      "policy/option_hidden_film_gate_signal_mean": 0.3164504990533546,
      "policy/option_hidden_film_scale_norm": 0.05267070111945087,
      "policy/option_hidden_film_shift_norm": 0.019547266223364407,
      "policy/option_hidden_film_shift_weight": 0.3499999999999986,
      "run_dir": "outputs/experiments/memory_actor_hidden_upper_shift_probe/memory_por_switchy_actor_hidden_partial_shift35",
      "shoulder_t008/margin": 0.5288416581067406,
      "shoulder_t008/return": 0.0,
      "shoulder_t008/success": 0.0,
      "throughput_fps": 95.01164101684306,
      "train/episode_return": 0.32433333098888395,
      "train/success_rate": 0.35,
      "variant": "partial_shift_0.35"
    }
  ]
}