{
  "rows": [
    {
      "eval_return": 0.0,
      "eval_success_rate": 0.0,
      "gap_t0055/margin": 0.4250404139806415,
      "gap_t0055/return": 0.3697569463402033,
      "gap_t0055/success": 0.453125,
      "greedy/margin": 0.29943808566916874,
      "greedy/return": 0.0,
      "greedy/success": 0.0,
      "label": "por_base",
      "lower_t005/margin": 0.3720607345882373,
      "lower_t005/return": 0.2513888902030885,
      "lower_t005/success": 0.375,
      "option_duration": 0.0,
      "option_switch_rate": 0.0,
      "policy/option_hidden_film_gate_mean": 0.0,
      "policy/option_hidden_film_gate_signal_mean": 0.0,
      "policy/option_hidden_film_scale_norm": 0.0,
      "policy/option_hidden_film_shift_norm": 0.0,
      "run_dir": "outputs/experiments/memory_actor_hidden_termination_bias_probe/memory_por_switchy_rerun",
      "shoulder_t008/margin": 0.72771759272405,
      "shoulder_t008/return": 0.43284722324460745,
      "shoulder_t008/success": 0.46875,
      "termination_bias": 1.0,
      "throughput_fps": 117.03959187208807,
      "train/episode_return": 0.5171717161482031,
      "train/success_rate": 0.5303030303030303,
      "variant": "none"
    },
    {
      "eval_return": 0.5558333285152912,
      "eval_success_rate": 0.5625,
      "gap_t0055/margin": 2.3544344390165945,
      "gap_t0055/return": 0.4627083297818899,
      "gap_t0055/success": 0.46875,
      "greedy/margin": 2.3544344390165945,
      "greedy/return": 0.4627083297818899,
      "greedy/success": 0.46875,
      "label": "por_actor_hidden_partial_shift22",
      "lower_t005/margin": 2.3544344390165945,
      "lower_t005/return": 0.4627083297818899,
      "lower_t005/success": 0.46875,
      "option_duration": 0.0,
      "option_switch_rate": 0.0,
      "policy/option_hidden_film_gate_mean": 0.14329319021531514,
      "policy/option_hidden_film_gate_signal_mean": 0.4094091142926897,
      "policy/option_hidden_film_scale_norm": 0.10732636920043401,
      "policy/option_hidden_film_shift_norm": 0.02282115417931761,
      "run_dir": "outputs/experiments/memory_actor_hidden_termination_bias_probe/memory_por_switchy_actor_hidden_partial_shift22",
      "shoulder_t008/margin": 2.3544344390165945,
      "shoulder_t008/return": 0.4627083297818899,
      "shoulder_t008/success": 0.46875,
      "termination_bias": 1.0,
      "throughput_fps": 92.20022348800535,
      "train/episode_return": 0.650861106812954,
      "train/success_rate": 0.6625,
      "variant": "partial_shift_0.22"
    },
    {
      "eval_return": 0.0,
      "eval_success_rate": 0.0,
      "gap_t0055/margin": 0.9020745074813381,
      "gap_t0055/return": 0.0,
      "gap_t0055/success": 0.0,
      "greedy/margin": 0.9020745074813381,
      "greedy/return": 0.0,
      "greedy/success": 0.0,
      "label": "por_actor_hidden_partial_shift22_termbias075",
      "lower_t005/margin": 0.9020745074813381,
      "lower_t005/return": 0.0,
      "lower_t005/success": 0.0,
      "option_duration": 0.0,
      "option_switch_rate": 0.0,
      "policy/option_hidden_film_gate_mean": 0.23590459586293608,
      "policy/option_hidden_film_gate_signal_mean": 0.6740131711886252,
      "policy/option_hidden_film_scale_norm": 0.07298948398250857,
      "policy/option_hidden_film_shift_norm": 0.016395777451265373,
      "run_dir": "outputs/experiments/memory_actor_hidden_termination_bias_probe/memory_por_switchy_actor_hidden_partial_shift22_termbias075",
      "shoulder_t008/margin": 0.9020745074813381,
      "shoulder_t008/return": 0.0,
      "shoulder_t008/success": 0.0,
      "termination_bias": 0.75,
      "throughput_fps": 91.88870591335795,
      "train/episode_return": 0.39393939755179663,
      "train/success_rate": 0.45454545454545453,
      "variant": "partial_shift_0.22_termbias_0.75"
    },
    {
      "eval_return": 0.0,
      "eval_success_rate": 0.0,
      "gap_t0055/margin": 0.7501667026614334,
      "gap_t0055/return": 0.0,
      "gap_t0055/success": 0.0,
      "greedy/margin": 0.7501667026614334,
      "greedy/return": 0.0,
      "greedy/success": 0.0,
      "label": "por_actor_hidden_partial_shift22_termbias125",
      "lower_t005/margin": 0.7501667026614334,
      "lower_t005/return": 0.0,
      "lower_t005/success": 0.0,
      "option_duration": 0.0,
      "option_switch_rate": 0.0,
      "policy/option_hidden_film_gate_mean": 0.10767316174359969,
      "policy/option_hidden_film_gate_signal_mean": 0.3076376091182968,
      "policy/option_hidden_film_scale_norm": 0.022373462951293697,
      "policy/option_hidden_film_shift_norm": 0.0035790406618796196,
      "run_dir": "outputs/experiments/memory_actor_hidden_termination_bias_probe/memory_por_switchy_actor_hidden_partial_shift22_termbias125",
      "shoulder_t008/margin": 0.7501667026614334,
      "shoulder_t008/return": 0.0,
      "shoulder_t008/success": 0.0,
      "termination_bias": 1.25,
      "throughput_fps": 92.50051593418999,
      "train/episode_return": 0.4218518485625585,
      "train/success_rate": 0.4583333333333333,
      "variant": "partial_shift_0.22_termbias_1.25"
    }
  ]
}