{
  "rows": [
    {
      "adaptive_scale_mean": 0.11408416788887095,
      "gap_t0055/margin": 1.4542922185624543,
      "gap_t0055/success": 0.484375,
      "greedy/margin": 1.077030443059563,
      "greedy/success": 0.3125,
      "label": "adaptive_floor25",
      "lower_t005/margin": 1.429976086680089,
      "lower_t005/success": 0.46875,
      "scale_norm": 0.028516159634347314,
      "shift_comp_mean": 0.13795165150989722,
      "shift_comp_scale": 0.0,
      "shift_norm": 0.007824944141378373,
      "shoulder_t008/margin": 1.534892169641294,
      "shoulder_t008/success": 0.46875,
      "throughput_fps": 89.72833212078046,
      "train/episode_return": 0.4403888896107674,
      "train/success_rate": 0.45
    },
    {
      "adaptive_scale_mean": 0.09941508657770393,
      "gap_t0055/margin": 1.49844712815075,
      "gap_t0055/success": 0.0,
      "greedy/margin": 1.49844712815075,
      "greedy/success": 0.0,
      "label": "adaptive_floor25_shiftcomp20",
      "lower_t005/margin": 1.49844712815075,
      "lower_t005/success": 0.0,
      "scale_norm": 0.029001666433005422,
      "shift_comp_mean": 0.12667498640072197,
      "shift_comp_scale": 0.1999999999999992,
      "shift_norm": 0.005999441387384762,
      "shoulder_t008/margin": 1.49844712815075,
      "shoulder_t008/success": 0.0,
      "throughput_fps": 89.64544646270132,
      "train/episode_return": 0.22987654308478037,
      "train/success_rate": 0.3333333333333333
    },
    {
      "adaptive_scale_mean": 0.09503836535193302,
      "gap_t0055/margin": 0.2628146706654885,
      "gap_t0055/success": 0.0,
      "greedy/margin": 0.26282827425978067,
      "greedy/success": 0.0,
      "label": "adaptive_floor25_shiftcomp35",
      "lower_t005/margin": 0.26282480571327016,
      "lower_t005/success": 0.0,
      "scale_norm": 0.027337357887055404,
      "shift_comp_mean": 0.12512049284982094,
      "shift_comp_scale": 0.3499999999999986,
      "shift_norm": 0.008111946196812722,
      "shoulder_t008/margin": 0.26280771079070775,
      "shoulder_t008/success": 0.0,
      "throughput_fps": 89.33872392318514,
      "train/episode_return": 0.35777777433395386,
      "train/success_rate": 0.375
    },
    {
      "adaptive_scale_mean": 0.1042517933672593,
      "gap_t0055/margin": 1.5245982409731056,
      "gap_t0055/success": 0.53125,
      "greedy/margin": 0.029513835706920538,
      "greedy/success": 0.0,
      "label": "adaptive_floor25_shiftcomp50",
      "lower_t005/margin": 1.5499756289512985,
      "lower_t005/success": 0.53125,
      "scale_norm": 0.020733109277523594,
      "shift_comp_mean": 0.13897255730849725,
      "shift_comp_scale": 0.5,
      "shift_norm": 0.004093193315992845,
      "shoulder_t008/margin": 1.560290983812561,
      "shoulder_t008/success": 0.546875,
      "throughput_fps": 89.26940771589591,
      "train/episode_return": 0.5378250581152896,
      "train/success_rate": 0.5531914893617021
    }
  ]
}