{
  "rows": [
    {
      "eval_return": 0.0,
      "eval_success_rate": 0.0,
      "gap_t0055/margin": 0.4250404139806415,
      "gap_t0055/return": 0.3697569463402033,
      "gap_t0055/success": 0.453125,
      "greedy/margin": 0.29943808566916874,
      "greedy/return": 0.0,
      "greedy/success": 0.0,
      "label": "por_base",
      "lower_t005/margin": 0.3720607345882373,
      "lower_t005/return": 0.2513888902030885,
      "lower_t005/success": 0.375,
      "policy/option_hidden_film_gate_mean": 0.0,
      "policy/option_hidden_film_gate_signal_mean": 0.0,
      "policy/option_hidden_film_scale_norm": 0.0,
      "policy/option_hidden_film_scale_only": 0.0,
      "policy/option_hidden_film_shift_norm": 0.0,
      "policy/option_hidden_film_shift_weight": 0.0,
      "run_dir": "outputs/experiments/memory_actor_hidden_partial_shift_probe/memory_por_switchy_rerun",
      "shoulder_t008/margin": 0.72771759272405,
      "shoulder_t008/return": 0.43284722324460745,
      "shoulder_t008/success": 0.46875,
      "throughput_fps": 116.70153543485138,
      "train/episode_return": 0.5171717161482031,
      "train/success_rate": 0.5303030303030303,
      "variant": "none"
    },
    {
      "eval_return": 0.0,
      "eval_success_rate": 0.0,
      "gap_t0055/margin": 0.2914607976471441,
      "gap_t0055/return": 0.34993055649101734,
      "gap_t0055/success": 0.46875,
      "greedy/margin": 0.27550098543043855,
      "greedy/return": 0.0,
      "greedy/success": 0.0,
      "label": "por_actor_hidden_scale_film_mild",
      "lower_t005/margin": 0.28580692813953007,
      "lower_t005/return": 0.3170138893183321,
      "lower_t005/success": 0.421875,
      "policy/option_hidden_film_gate_mean": 0.11591303802934694,
      "policy/option_hidden_film_gate_signal_mean": 0.3311801005292822,
      "policy/option_hidden_film_scale_norm": 0.03139391911250573,
      "policy/option_hidden_film_scale_only": 1.0,
      "policy/option_hidden_film_shift_norm": 0.0,
      "policy/option_hidden_film_shift_weight": 1.0,
      "run_dir": "outputs/experiments/memory_actor_hidden_partial_shift_probe/memory_por_switchy_actor_hidden_scale_film_mild",
      "shoulder_t008/margin": 0.3231276160998835,
      "shoulder_t008/return": 0.4226041678339243,
      "shoulder_t008/success": 0.453125,
      "throughput_fps": 96.5636597506002,
      "train/episode_return": 0.2737037042776744,
      "train/success_rate": 0.3333333333333333,
      "variant": "scale_only_mild"
    },
    {
      "eval_return": 0.5558333285152912,
      "eval_success_rate": 0.5625,
      "gap_t0055/margin": 2.6549503761388005,
      "gap_t0055/return": 0.4627083297818899,
      "gap_t0055/success": 0.46875,
      "greedy/margin": 2.6549503761388005,
      "greedy/return": 0.4627083297818899,
      "greedy/success": 0.46875,
      "label": "por_actor_hidden_partial_shift25",
      "lower_t005/margin": 2.6549503761388005,
      "lower_t005/return": 0.4627083297818899,
      "lower_t005/success": 0.46875,
      "policy/option_hidden_film_gate_mean": 0.12403116055897304,
      "policy/option_hidden_film_gate_signal_mean": 0.35437474080494474,
      "policy/option_hidden_film_scale_norm": 0.12295395987374443,
      "policy/option_hidden_film_scale_only": 0.0,
      "policy/option_hidden_film_shift_norm": 0.03147692752203771,
      "policy/option_hidden_film_shift_weight": 0.25,
      "run_dir": "outputs/experiments/memory_actor_hidden_partial_shift_probe/memory_por_switchy_actor_hidden_partial_shift25",
      "shoulder_t008/margin": 2.6549503761388005,
      "shoulder_t008/return": 0.4627083297818899,
      "shoulder_t008/success": 0.46875,
      "throughput_fps": 94.9138476463642,
      "train/episode_return": 0.49404444138209025,
      "train/success_rate": 0.5066666666666667,
      "variant": "partial_shift_0.25"
    },
    {
      "eval_return": 0.0,
      "eval_success_rate": 0.0,
      "gap_t0055/margin": 1.7003566798374607,
      "gap_t0055/return": 0.0,
      "gap_t0055/success": 0.0,
      "greedy/margin": 1.7003566798374607,
      "greedy/return": 0.0,
      "greedy/success": 0.0,
      "label": "por_actor_hidden_partial_shift50",
      "lower_t005/margin": 1.7003566798374607,
      "lower_t005/return": 0.0,
      "lower_t005/success": 0.0,
      "policy/option_hidden_film_gate_mean": 0.12057636187952242,
      "policy/option_hidden_film_gate_signal_mean": 0.3445038951105542,
      "policy/option_hidden_film_scale_norm": 0.028643445495838,
      "policy/option_hidden_film_scale_only": 0.0,
      "policy/option_hidden_film_shift_norm": 0.020706421838222463,
      "policy/option_hidden_film_shift_weight": 0.5,
      "run_dir": "outputs/experiments/memory_actor_hidden_partial_shift_probe/memory_por_switchy_actor_hidden_partial_shift50",
      "shoulder_t008/margin": 1.7003566798374607,
      "shoulder_t008/return": 0.0,
      "shoulder_t008/success": 0.0,
      "throughput_fps": 95.45172281717713,
      "train/episode_return": 0.4838095222200666,
      "train/success_rate": 0.5,
      "variant": "partial_shift_0.50"
    }
  ]
}