{
  "rows": [
    {
      "eval_return": 0.0,
      "eval_success_rate": 0.0,
      "gap_t0055/margin": 0.4250404139806415,
      "gap_t0055/return": 0.3697569463402033,
      "gap_t0055/success": 0.453125,
      "greedy/margin": 0.29943808566916874,
      "greedy/return": 0.0,
      "greedy/success": 0.0,
      "label": "por_base",
      "lower_t005/margin": 0.3720607345882373,
      "lower_t005/return": 0.2513888902030885,
      "lower_t005/success": 0.375,
      "policy/option_hidden_center_shift": 0.0,
      "policy/option_hidden_center_shift_mean_abs": 0.0,
      "policy/option_hidden_center_shift_scale": 0.0,
      "policy/option_hidden_film_gate_mean": 0.0,
      "policy/option_hidden_film_shift_norm": 0.0,
      "run_dir": "outputs/experiments/memory_actor_hidden_centered_shift_probe/memory_por_switchy_rerun",
      "shoulder_t008/margin": 0.72771759272405,
      "shoulder_t008/return": 0.43284722324460745,
      "shoulder_t008/success": 0.46875,
      "throughput_fps": 116.86706837320513,
      "train/episode_return": 0.5171717161482031,
      "train/success_rate": 0.5303030303030303,
      "variant": "none"
    },
    {
      "eval_return": 0.5558333285152912,
      "eval_success_rate": 0.5625,
      "gap_t0055/margin": 2.3544344390165945,
      "gap_t0055/return": 0.4627083297818899,
      "gap_t0055/success": 0.46875,
      "greedy/margin": 2.3544344390165945,
      "greedy/return": 0.4627083297818899,
      "greedy/success": 0.46875,
      "label": "por_actor_hidden_partial_shift22",
      "lower_t005/margin": 2.3544344390165945,
      "lower_t005/return": 0.4627083297818899,
      "lower_t005/success": 0.46875,
      "policy/option_hidden_center_shift": 0.0,
      "policy/option_hidden_center_shift_mean_abs": 0.00015661225916119292,
      "policy/option_hidden_center_shift_scale": 1.0,
      "policy/option_hidden_film_gate_mean": 0.14329319021531514,
      "policy/option_hidden_film_shift_norm": 0.02282115417931761,
      "run_dir": "outputs/experiments/memory_actor_hidden_centered_shift_probe/memory_por_switchy_actor_hidden_partial_shift22",
      "shoulder_t008/margin": 2.3544344390165945,
      "shoulder_t008/return": 0.4627083297818899,
      "shoulder_t008/success": 0.46875,
      "throughput_fps": 92.76897259009594,
      "train/episode_return": 0.650861106812954,
      "train/success_rate": 0.6625,
      "variant": "partial_shift_0.22"
    },
    {
      "eval_return": 0.0,
      "eval_success_rate": 0.0,
      "gap_t0055/margin": 0.4652670599617409,
      "gap_t0055/return": 0.025624999776482582,
      "gap_t0055/success": 0.046875,
      "greedy/margin": 0.4605364149735297,
      "greedy/return": 0.0,
      "greedy/success": 0.0,
      "label": "por_actor_hidden_partial_shift22_centered_shift",
      "lower_t005/margin": 0.4623078518277986,
      "lower_t005/return": 0.014513888396322727,
      "lower_t005/success": 0.03125,
      "policy/option_hidden_center_shift": 1.0,
      "policy/option_hidden_center_shift_mean_abs": 9.790682393761443e-12,
      "policy/option_hidden_center_shift_scale": 1.0,
      "policy/option_hidden_film_gate_mean": 0.1040977367280442,
      "policy/option_hidden_film_shift_norm": 0.00907935849448413,
      "run_dir": "outputs/experiments/memory_actor_hidden_centered_shift_probe/memory_por_switchy_actor_hidden_partial_shift22_centered_shift",
      "shoulder_t008/margin": 0.5742662379622775,
      "shoulder_t008/return": 0.2944444455206394,
      "shoulder_t008/success": 0.40625,
      "throughput_fps": 90.33718835335864,
      "train/episode_return": 0.41561643391439357,
      "train/success_rate": 0.4246575342465753,
      "variant": "centered_shift_1x"
    },
    {
      "eval_return": 0.0,
      "eval_success_rate": 0.0,
      "gap_t0055/margin": 1.9708654299700334,
      "gap_t0055/return": 0.0,
      "gap_t0055/success": 0.0,
      "greedy/margin": 1.9708654299700334,
      "greedy/return": 0.0,
      "greedy/success": 0.0,
      "label": "por_actor_hidden_partial_shift22_centered_shift2x",
      "lower_t005/margin": 1.9708654299700334,
      "lower_t005/return": 0.0,
      "lower_t005/success": 0.0,
      "policy/option_hidden_center_shift": 1.0,
      "policy/option_hidden_center_shift_mean_abs": 1.0212165818055287e-11,
      "policy/option_hidden_center_shift_scale": 2.0,
      "policy/option_hidden_film_gate_mean": 0.10976238782391136,
      "policy/option_hidden_film_shift_norm": 0.019913783425718177,
      "run_dir": "outputs/experiments/memory_actor_hidden_centered_shift_probe/memory_por_switchy_actor_hidden_partial_shift22_centered_shift2x",
      "shoulder_t008/margin": 1.9708654299700334,
      "shoulder_t008/return": 0.0,
      "shoulder_t008/success": 0.0,
      "throughput_fps": 91.51825078354565,
      "train/episode_return": 0.5577777743339538,
      "train/success_rate": 0.6,
      "variant": "centered_shift_2x"
    }
  ]
}