{
  "rows": [
    {
      "eval_return": 0.0,
      "eval_success_rate": 0.0,
      "film_scale": 0.5,
      "gap_t0055/margin": 0.4250404139806415,
      "gap_t0055/return": 0.3697569463402033,
      "gap_t0055/success": 0.453125,
      "greedy/margin": 0.29943808566916874,
      "greedy/return": 0.0,
      "greedy/success": 0.0,
      "label": "por_base",
      "lower_t005/margin": 0.3720607345882373,
      "lower_t005/return": 0.2513888902030885,
      "lower_t005/success": 0.375,
      "policy/option_hidden_film_gate_mean": 0.0,
      "policy/option_hidden_film_gate_signal_mean": 0.0,
      "policy/option_hidden_film_scale_norm": 0.0,
      "policy/option_hidden_film_shift_norm": 0.0,
      "run_dir": "outputs/experiments/memory_actor_hidden_shift221_scale_probe/memory_por_switchy_rerun",
      "shift_weight": 1.0,
      "shoulder_t008/margin": 0.72771759272405,
      "shoulder_t008/return": 0.43284722324460745,
      "shoulder_t008/success": 0.46875,
      "throughput_fps": 115.84537123625023,
      "train/episode_return": 0.5171717161482031,
      "train/success_rate": 0.5303030303030303,
      "variant": "none"
    },
    {
      "eval_return": 0.5558333285152912,
      "eval_success_rate": 0.5625,
      "film_scale": 0.35,
      "gap_t0055/margin": 2.3544344390165945,
      "gap_t0055/return": 0.4627083297818899,
      "gap_t0055/success": 0.46875,
      "greedy/margin": 2.3544344390165945,
      "greedy/return": 0.4627083297818899,
      "greedy/success": 0.46875,
      "label": "por_actor_hidden_partial_shift22",
      "lower_t005/margin": 2.3544344390165945,
      "lower_t005/return": 0.4627083297818899,
      "lower_t005/success": 0.46875,
      "policy/option_hidden_film_gate_mean": 0.14329319021531514,
      "policy/option_hidden_film_gate_signal_mean": 0.4094091142926897,
      "policy/option_hidden_film_scale_norm": 0.10732636920043401,
      "policy/option_hidden_film_shift_norm": 0.02282115417931761,
      "run_dir": "outputs/experiments/memory_actor_hidden_shift221_scale_probe/memory_por_switchy_actor_hidden_partial_shift22",
      "shift_weight": 0.22,
      "shoulder_t008/margin": 2.3544344390165945,
      "shoulder_t008/return": 0.4627083297818899,
      "shoulder_t008/success": 0.46875,
      "throughput_fps": 92.19129647049435,
      "train/episode_return": 0.650861106812954,
      "train/success_rate": 0.6625,
      "variant": "shift22_scale35"
    },
    {
      "eval_return": 0.0,
      "eval_success_rate": 0.0,
      "film_scale": 0.35,
      "gap_t0055/margin": 0.12413117191340668,
      "gap_t0055/return": 0.01993055595085025,
      "gap_t0055/success": 0.046875,
      "greedy/margin": 0.12613320918178852,
      "greedy/return": 0.0,
      "greedy/success": 0.0,
      "label": "por_actor_hidden_partial_shift221",
      "lower_t005/margin": 0.12414218710177476,
      "lower_t005/return": 0.024618056137114763,
      "lower_t005/success": 0.046875,
      "policy/option_hidden_film_gate_mean": 0.17374131278491314,
      "policy/option_hidden_film_gate_signal_mean": 0.49640376718691837,
      "policy/option_hidden_film_scale_norm": 0.032476435242979614,
      "policy/option_hidden_film_shift_norm": 0.004815497467248344,
      "run_dir": "outputs/experiments/memory_actor_hidden_shift221_scale_probe/memory_por_switchy_actor_hidden_partial_shift221",
      "shift_weight": 0.221,
      "shoulder_t008/margin": 0.1239000452423763,
      "shoulder_t008/return": 0.07031250023283064,
      "shoulder_t008/success": 0.125,
      "throughput_fps": 91.31144260859658,
      "train/episode_return": 0.37200000286102297,
      "train/success_rate": 0.4,
      "variant": "shift221_scale35"
    },
    {
      "eval_return": 0.0,
      "eval_success_rate": 0.0,
      "film_scale": 0.375,
      "gap_t0055/margin": 1.6991800726425867,
      "gap_t0055/return": 0.0,
      "gap_t0055/success": 0.0,
      "greedy/margin": 1.6991800726425867,
      "greedy/return": 0.0,
      "greedy/success": 0.0,
      "label": "por_actor_hidden_partial_shift221_scale375",
      "lower_t005/margin": 1.6991800726425867,
      "lower_t005/return": 0.0,
      "lower_t005/success": 0.0,
      "policy/option_hidden_film_gate_mean": 0.19923660262131396,
      "policy/option_hidden_film_gate_signal_mean": 0.531297681177104,
      "policy/option_hidden_film_scale_norm": 0.11331924177982189,
      "policy/option_hidden_film_shift_norm": 0.023104813738645594,
      "run_dir": "outputs/experiments/memory_actor_hidden_shift221_scale_probe/memory_por_switchy_actor_hidden_partial_shift221_scale375",
      "shift_weight": 0.221,
      "shoulder_t008/margin": 1.6991800726425867,
      "shoulder_t008/return": 0.0,
      "shoulder_t008/success": 0.0,
      "throughput_fps": 92.05393656309388,
      "train/episode_return": 0.48717948717948717,
      "train/success_rate": 0.5128205128205128,
      "variant": "shift221_scale375"
    },
    {
      "eval_return": 0.0,
      "eval_success_rate": 0.0,
      "film_scale": 0.4,
      "gap_t0055/margin": 0.8525123432209646,
      "gap_t0055/return": 0.0,
      "gap_t0055/success": 0.0,
      "greedy/margin": 0.8525123432209646,
      "greedy/return": 0.0,
      "greedy/success": 0.0,
      "label": "por_actor_hidden_partial_shift221_scale40",
      "lower_t005/margin": 0.8525123432209646,
      "lower_t005/return": 0.0,
      "lower_t005/success": 0.0,
      "policy/option_hidden_film_gate_mean": 0.14854928218288185,
      "policy/option_hidden_film_gate_signal_mean": 0.3713732338981864,
      "policy/option_hidden_film_scale_norm": 0.05589457983955925,
      "policy/option_hidden_film_shift_norm": 0.008359095496757899,
      "run_dir": "outputs/experiments/memory_actor_hidden_shift221_scale_probe/memory_por_switchy_actor_hidden_partial_shift221_scale40",
      "shift_weight": 0.221,
      "shoulder_t008/margin": 0.8525123432209646,
      "shoulder_t008/return": 0.0,
      "shoulder_t008/success": 0.0,
      "throughput_fps": 96.26167345121524,
      "train/episode_return": 0.5620671801788862,
      "train/success_rate": 0.5813953488372093,
      "variant": "shift221_scale40"
    }
  ]
}