{
  "rows": [
    {
      "gap_t0055/margin": 0.4250404139806415,
      "gap_t0055/return": 0.3697569463402033,
      "gap_t0055/success": 0.453125,
      "greedy/margin": 0.29943808566916874,
      "greedy/return": 0.0,
      "greedy/success": 0.0,
      "label": "por_base",
      "lower_t005/margin": 0.3720607345882373,
      "lower_t005/return": 0.2513888902030885,
      "lower_t005/success": 0.375,
      "policy/option_hidden_film_gate_mean": 0.0,
      "policy/option_hidden_film_scale_norm": 0.0,
      "policy/option_hidden_film_shift_norm": 0.0,
      "policy/option_hidden_gate_bias": 0.0,
      "policy/option_hidden_gate_bias_mean": 0.0,
      "policy/option_hidden_shift_gate_bias_mean": 0.0,
      "policy/option_hidden_shift_gate_bias_scale": 0.0,
      "run_dir": "outputs/experiments/memory_actor_hidden_shiftgate075_scale325_neg_shift_bias_probe/memory_por_switchy_rerun",
      "shoulder_t008/margin": 0.72771759272405,
      "shoulder_t008/return": 0.43284722324460745,
      "shoulder_t008/success": 0.46875,
      "throughput_fps": 116.56733462311426,
      "train/episode_return": 0.5171717161482031,
      "train/success_rate": 0.5303030303030303,
      "variant": "none"
    },
    {
      "gap_t0055/margin": 0.38372834298110786,
      "gap_t0055/return": 0.0136111113242805,
      "gap_t0055/success": 0.03125,
      "greedy/margin": 0.38281771752431437,
      "greedy/return": 0.0,
      "greedy/success": 0.0,
      "label": "por_actor_hidden_partial_shift22",
      "lower_t005/margin": 0.38281771752431437,
      "lower_t005/return": 0.0,
      "lower_t005/success": 0.0,
      "policy/option_hidden_film_gate_mean": 0.13018041192381472,
      "policy/option_hidden_film_scale_norm": 0.028133800703986193,
      "policy/option_hidden_film_shift_norm": 0.003525388212932021,
      "policy/option_hidden_gate_bias": 0.0,
      "policy/option_hidden_gate_bias_mean": 0.0,
      "policy/option_hidden_shift_gate_bias_mean": 0.0,
      "policy/option_hidden_shift_gate_bias_scale": 0.0,
      "run_dir": "outputs/experiments/memory_actor_hidden_shiftgate075_scale325_neg_shift_bias_probe/memory_por_switchy_actor_hidden_partial_shift22",
      "shoulder_t008/margin": 0.44285208782485275,
      "shoulder_t008/return": 0.09982638852670789,
      "shoulder_t008/success": 0.140625,
      "throughput_fps": 88.71472975695359,
      "train/episode_return": 0.43693121558143977,
      "train/success_rate": 0.4523809523809524,
      "variant": "partial_shift22"
    },
    {
      "gap_t0055/margin": 2.17525461928675,
      "gap_t0055/return": 0.525034717284143,
      "gap_t0055/success": 0.53125,
      "greedy/margin": 2.17525461928675,
      "greedy/return": 0.525034717284143,
      "greedy/success": 0.53125,
      "label": "por_actor_hidden_partial_shift22_shiftgate075_scale325",
      "lower_t005/margin": 2.17525461928675,
      "lower_t005/return": 0.525034717284143,
      "lower_t005/success": 0.53125,
      "policy/option_hidden_film_gate_mean": 0.12412295809813909,
      "policy/option_hidden_film_scale_norm": 0.05004310182162693,
      "policy/option_hidden_film_shift_norm": 0.015613779625190156,
      "policy/option_hidden_gate_bias": 0.0,
      "policy/option_hidden_gate_bias_mean": 0.0,
      "policy/option_hidden_shift_gate_bias_mean": 0.0,
      "policy/option_hidden_shift_gate_bias_scale": 0.0,
      "run_dir": "outputs/experiments/memory_actor_hidden_shiftgate075_scale325_neg_shift_bias_probe/memory_por_switchy_actor_hidden_partial_shift22_shiftgate075_scale325",
      "shoulder_t008/margin": 2.171589257487554,
      "shoulder_t008/return": 0.525034717284143,
      "shoulder_t008/success": 0.53125,
      "throughput_fps": 87.4471345218865,
      "train/episode_return": 0.5578571408987045,
      "train/success_rate": 0.5714285714285714,
      "variant": "shift22_shiftgate075_scale325"
    },
    {
      "gap_t0055/margin": 2.2645299605603904,
      "gap_t0055/return": 0.4627083297818899,
      "gap_t0055/success": 0.46875,
      "greedy/margin": 2.2645299605603904,
      "greedy/return": 0.4627083297818899,
      "greedy/success": 0.46875,
      "label": "por_actor_hidden_partial_shift22_shiftgate075_scale325_shiftbiasneg01",
      "lower_t005/margin": 2.2645299605603904,
      "lower_t005/return": 0.4627083297818899,
      "lower_t005/success": 0.46875,
      "policy/option_hidden_film_gate_mean": 0.14177572195019042,
      "policy/option_hidden_film_scale_norm": 0.10156952909060887,
      "policy/option_hidden_film_shift_norm": 0.030850421770342758,
      "policy/option_hidden_gate_bias": 1.0,
      "policy/option_hidden_gate_bias_mean": -0.006139767622309071,
      "policy/option_hidden_shift_gate_bias_mean": 6.13976746015916e-05,
      "policy/option_hidden_shift_gate_bias_scale": -0.009999999999999998,
      "run_dir": "outputs/experiments/memory_actor_hidden_shiftgate075_scale325_neg_shift_bias_probe/memory_por_switchy_actor_hidden_partial_shift22_shiftgate075_scale325_shiftbiasneg01",
      "shoulder_t008/margin": 2.2645299605603904,
      "shoulder_t008/return": 0.4627083297818899,
      "shoulder_t008/success": 0.46875,
      "throughput_fps": 83.46338393887152,
      "train/episode_return": 0.5138438440657951,
      "train/success_rate": 0.527027027027027,
      "variant": "shift22_shiftgate075_scale325_shiftbiasneg01"
    },
    {
      "gap_t0055/margin": 0.27628633650134743,
      "gap_t0055/return": 0.0,
      "gap_t0055/success": 0.0,
      "greedy/margin": 0.2751585082334961,
      "greedy/return": 0.0,
      "greedy/success": 0.0,
      "label": "por_actor_hidden_partial_shift22_shiftgate075_scale325_shiftbiasneg02",
      "lower_t005/margin": 0.27628633650134743,
      "lower_t005/return": 0.0,
      "lower_t005/success": 0.0,
      "policy/option_hidden_film_gate_mean": 0.3223043992379565,
      "policy/option_hidden_film_scale_norm": 0.11335258773401563,
      "policy/option_hidden_film_shift_norm": 0.020859363425615025,
      "policy/option_hidden_gate_bias": 1.0,
      "policy/option_hidden_gate_bias_mean": 0.028966165409871826,
      "policy/option_hidden_shift_gate_bias_mean": -0.0005793232903355893,
      "policy/option_hidden_shift_gate_bias_scale": -0.019999999999999685,
      "run_dir": "outputs/experiments/memory_actor_hidden_shiftgate075_scale325_neg_shift_bias_probe/memory_por_switchy_actor_hidden_partial_shift22_shiftgate075_scale325_shiftbiasneg02",
      "shoulder_t008/margin": 0.2764904271420321,
      "shoulder_t008/return": 0.0,
      "shoulder_t008/success": 0.0,
      "throughput_fps": 86.72913299767393,
      "train/episode_return": 0.0,
      "train/success_rate": 0.0,
      "variant": "shift22_shiftgate075_scale325_shiftbiasneg02"
    }
  ]
}