{
  "rows": [
    {
      "gap_t0055/margin": 0.43032645015402404,
      "gap_t0055/return": 0.32479166641132906,
      "gap_t0055/success": 0.44140625,
      "greedy/margin": 0.2990187598449856,
      "greedy/return": 0.0,
      "greedy/success": 0.0,
      "label": "por_base",
      "lower_t005/margin": 0.38212773103749254,
      "lower_t005/return": 0.23142361175268888,
      "lower_t005/success": 0.37109375,
      "policy/option_hidden_film_gate_mean": 0.0,
      "policy/option_hidden_film_gate_signal_mean": 0.0,
      "policy/option_hidden_film_scale_norm": 0.0,
      "policy/option_hidden_film_shift_norm": 0.0,
      "policy/option_hidden_film_shift_weight": 0.0,
      "run_dir": "outputs/experiments/memory_actor_hidden_scale_followup_probe/memory_por_switchy_rerun",
      "shoulder_t008/margin": 0.6880631369923276,
      "shoulder_t008/return": 0.4383767357794568,
      "shoulder_t008/success": 0.48046875,
      "train/episode_return": 0.5171717161482031,
      "train/success_rate": 0.5303030303030303
    },
    {
      "gap_t0055/margin": 2.594712993124359,
      "gap_t0055/return": 0.46685763681307435,
      "gap_t0055/success": 0.47265625,
      "greedy/margin": 2.6143205133604903,
      "greedy/return": 0.46300347009673715,
      "greedy/success": 0.46875,
      "label": "por_actor_hidden_partial_shift225",
      "lower_t005/margin": 2.6025441296003198,
      "lower_t005/return": 0.46683159517124295,
      "lower_t005/success": 0.47265625,
      "policy/option_hidden_film_gate_mean": 0.11688576958009175,
      "policy/option_hidden_film_gate_signal_mean": 0.33395934317793163,
      "policy/option_hidden_film_scale_norm": 0.09865589439868927,
      "policy/option_hidden_film_shift_norm": 0.022405138771448816,
      "policy/option_hidden_film_shift_weight": 0.22500000000000006,
      "run_dir": "outputs/experiments/memory_actor_hidden_scale_followup_probe/memory_por_switchy_actor_hidden_partial_shift225",
      "shoulder_t008/margin": 2.5554729263072775,
      "shoulder_t008/return": 0.4628211781382561,
      "shoulder_t008/success": 0.46875,
      "train/episode_return": 0.4278968209400773,
      "train/success_rate": 0.4642857142857143
    },
    {
      "gap_t0055/margin": 2.856641618654664,
      "gap_t0055/return": 0.46300347009673715,
      "gap_t0055/success": 0.46875,
      "greedy/margin": 2.856641618654664,
      "greedy/return": 0.46300347009673715,
      "greedy/success": 0.46875,
      "label": "por_actor_hidden_partial_shift225_scale375",
      "lower_t005/margin": 2.856641618654664,
      "lower_t005/return": 0.46300347009673715,
      "lower_t005/success": 0.46875,
      "policy/option_hidden_film_gate_mean": 0.12837434613278934,
      "policy/option_hidden_film_gate_signal_mean": 0.3423315797533308,
      "policy/option_hidden_film_scale_norm": 0.13076880361352647,
      "policy/option_hidden_film_shift_norm": 0.02868806238153151,
      "policy/option_hidden_film_shift_weight": 0.22500000000000006,
      "run_dir": "outputs/experiments/memory_actor_hidden_scale_followup_probe/memory_por_switchy_actor_hidden_partial_shift225_scale375",
      "shoulder_t008/margin": 2.856641618654664,
      "shoulder_t008/return": 0.46300347009673715,
      "shoulder_t008/success": 0.46875,
      "train/episode_return": 0.46519519428949097,
      "train/success_rate": 0.47297297297297297
    },
    {
      "gap_t0055/margin": 2.645178067282818,
      "gap_t0055/return": 0.46300347009673715,
      "gap_t0055/success": 0.46875,
      "greedy/margin": 2.645178067282818,
      "greedy/return": 0.46300347009673715,
      "greedy/success": 0.46875,
      "label": "por_actor_hidden_partial_shift25",
      "lower_t005/margin": 2.645178067282818,
      "lower_t005/return": 0.46300347009673715,
      "lower_t005/success": 0.46875,
      "policy/option_hidden_film_gate_mean": 0.12403116055897304,
      "policy/option_hidden_film_gate_signal_mean": 0.35437474080494474,
      "policy/option_hidden_film_scale_norm": 0.12295395987374443,
      "policy/option_hidden_film_shift_norm": 0.03147692752203771,
      "policy/option_hidden_film_shift_weight": 0.25,
      "run_dir": "outputs/experiments/memory_actor_hidden_mid_shift_probe/memory_por_switchy_actor_hidden_partial_shift25",
      "shoulder_t008/margin": 2.645178067282818,
      "shoulder_t008/return": 0.46300347009673715,
      "shoulder_t008/success": 0.46875,
      "train/episode_return": 0.49404444138209025,
      "train/success_rate": 0.5066666666666667
    }
  ]
}