{
  "rows": [
    {
      "eval_return": 0.0,
      "eval_success_rate": 0.0,
      "gap_t0055/margin": 0.4250404139806415,
      "gap_t0055/return": 0.3697569463402033,
      "gap_t0055/success": 0.453125,
      "greedy/margin": 0.29943808566916874,
      "greedy/return": 0.0,
      "greedy/success": 0.0,
      "label": "por_base",
      "lower_t005/margin": 0.3720607345882373,
      "lower_t005/return": 0.2513888902030885,
      "lower_t005/success": 0.375,
      "policy/option_hidden_film_gate_mean": 0.0,
      "policy/option_hidden_film_gate_signal_mean": 0.0,
      "policy/option_hidden_film_scale_norm": 0.0,
      "policy/option_hidden_film_scale_only": 0.0,
      "policy/option_hidden_film_shift_norm": 0.0,
      "run_dir": "outputs/experiments/memory_actor_hidden_scale_film_probe/memory_por_switchy_rerun",
      "shoulder_t008/margin": 0.72771759272405,
      "shoulder_t008/return": 0.43284722324460745,
      "shoulder_t008/success": 0.46875,
      "throughput_fps": 116.35739727045821,
      "train/episode_return": 0.5171717161482031,
      "train/success_rate": 0.5303030303030303,
      "variant": "none"
    },
    {
      "eval_return": 0.0,
      "eval_success_rate": 0.0,
      "gap_t0055/margin": 0.033259143131754605,
      "gap_t0055/return": 0.3695833315141499,
      "gap_t0055/success": 0.46875,
      "greedy/margin": 0.04470487718734844,
      "greedy/return": 0.0,
      "greedy/success": 0.0,
      "label": "por_actor_hidden_film",
      "lower_t005/margin": 0.03425383881537741,
      "lower_t005/return": 0.364479165058583,
      "lower_t005/success": 0.4375,
      "policy/option_hidden_film_gate_mean": 0.1444354913668868,
      "policy/option_hidden_film_gate_signal_mean": 0.2888709827337736,
      "policy/option_hidden_film_scale_norm": 0.02865583852255418,
      "policy/option_hidden_film_scale_only": 0.0,
      "policy/option_hidden_film_shift_norm": 0.032642680480156415,
      "run_dir": "outputs/experiments/memory_actor_hidden_scale_film_probe/memory_por_switchy_actor_hidden_film",
      "shoulder_t008/margin": 0.032146580875902775,
      "shoulder_t008/return": 0.39083333034068346,
      "shoulder_t008/success": 0.453125,
      "throughput_fps": 96.21557495306288,
      "train/episode_return": 0.4977777674794197,
      "train/success_rate": 0.75,
      "variant": "full_film"
    },
    {
      "eval_return": 0.0,
      "eval_success_rate": 0.0,
      "gap_t0055/margin": 1.627963906066653,
      "gap_t0055/return": 0.0,
      "gap_t0055/success": 0.0,
      "greedy/margin": 1.627963906066653,
      "greedy/return": 0.0,
      "greedy/success": 0.0,
      "label": "por_actor_hidden_scale_film",
      "lower_t005/margin": 1.627963906066653,
      "lower_t005/return": 0.0,
      "lower_t005/success": 0.0,
      "policy/option_hidden_film_gate_mean": 0.1763579606090063,
      "policy/option_hidden_film_gate_signal_mean": 0.3527159212180126,
      "policy/option_hidden_film_scale_norm": 0.05360207699331236,
      "policy/option_hidden_film_scale_only": 1.0,
      "policy/option_hidden_film_shift_norm": 0.0,
      "run_dir": "outputs/experiments/memory_actor_hidden_scale_film_probe/memory_por_switchy_actor_hidden_scale_film",
      "shoulder_t008/margin": 1.627963906066653,
      "shoulder_t008/return": 0.0,
      "shoulder_t008/success": 0.0,
      "throughput_fps": 95.19032536505905,
      "train/episode_return": 0.3721739131471385,
      "train/success_rate": 0.391304347826087,
      "variant": "scale_only"
    },
    {
      "eval_return": 0.0,
      "eval_success_rate": 0.0,
      "gap_t0055/margin": 0.2914607976471441,
      "gap_t0055/return": 0.34993055649101734,
      "gap_t0055/success": 0.46875,
      "greedy/margin": 0.27550098543043855,
      "greedy/return": 0.0,
      "greedy/success": 0.0,
      "label": "por_actor_hidden_scale_film_mild",
      "lower_t005/margin": 0.28580692813953007,
      "lower_t005/return": 0.3170138893183321,
      "lower_t005/success": 0.421875,
      "policy/option_hidden_film_gate_mean": 0.11591303802934694,
      "policy/option_hidden_film_gate_signal_mean": 0.3311801005292822,
      "policy/option_hidden_film_scale_norm": 0.03139391911250573,
      "policy/option_hidden_film_scale_only": 1.0,
      "policy/option_hidden_film_shift_norm": 0.0,
      "run_dir": "outputs/experiments/memory_actor_hidden_scale_film_probe/memory_por_switchy_actor_hidden_scale_film_mild",
      "shoulder_t008/margin": 0.3231276160998835,
      "shoulder_t008/return": 0.4226041678339243,
      "shoulder_t008/success": 0.453125,
      "throughput_fps": 95.77179716770306,
      "train/episode_return": 0.2737037042776744,
      "train/success_rate": 0.3333333333333333,
      "variant": "scale_only_mild"
    }
  ]
}