{
  "rows": [
    {
      "eval_return": 0.0,
      "eval_success_rate": 0.0,
      "gap_t0055/margin": 0.4250404139806415,
      "gap_t0055/return": 0.3697569463402033,
      "gap_t0055/success": 0.453125,
      "greedy/margin": 0.29943808566916874,
      "greedy/return": 0.0,
      "greedy/success": 0.0,
      "label": "por_base",
      "lower_t005/margin": 0.3720607345882373,
      "lower_t005/return": 0.2513888902030885,
      "lower_t005/success": 0.375,
      "policy/option_hidden_bound_shift": 0.0,
      "policy/option_hidden_film_gate_mean": 0.0,
      "policy/option_hidden_film_gate_signal_mean": 0.0,
      "policy/option_hidden_film_scale_norm": 0.0,
      "policy/option_hidden_film_shift_norm": 0.0,
      "policy/option_hidden_film_shift_weight": 0.0,
      "policy/option_hidden_shift_bound_scale": 0.0,
      "run_dir": "outputs/experiments/memory_actor_hidden_bounded_shift_probe/memory_por_switchy_rerun",
      "shoulder_t008/margin": 0.72771759272405,
      "shoulder_t008/return": 0.43284722324460745,
      "shoulder_t008/success": 0.46875,
      "throughput_fps": 116.13647183334133,
      "train/episode_return": 0.5171717161482031,
      "train/success_rate": 0.5303030303030303,
      "variant": "none"
    },
    {
      "eval_return": 0.5558333285152912,
      "eval_success_rate": 0.5625,
      "gap_t0055/margin": 1.3328889194011155,
      "gap_t0055/return": 0.46243055164813995,
      "gap_t0055/success": 0.46875,
      "greedy/margin": 1.37835688707197,
      "greedy/return": 0.4627083297818899,
      "greedy/success": 0.46875,
      "label": "por_actor_hidden_partial_shift22",
      "lower_t005/margin": 1.3326482229134333,
      "lower_t005/return": 0.46249999571591616,
      "lower_t005/success": 0.46875,
      "policy/option_hidden_bound_shift": 0.0,
      "policy/option_hidden_film_gate_mean": 0.20377264065401895,
      "policy/option_hidden_film_gate_signal_mean": 0.5822075435093471,
      "policy/option_hidden_film_scale_norm": 0.3371640741825104,
      "policy/option_hidden_film_shift_norm": 0.048238067754677365,
      "policy/option_hidden_film_shift_weight": 0.22000000000000006,
      "policy/option_hidden_shift_bound_scale": 1.0,
      "run_dir": "outputs/experiments/memory_actor_hidden_bounded_shift_probe/memory_por_switchy_actor_hidden_partial_shift22",
      "shoulder_t008/margin": 1.332640333543901,
      "shoulder_t008/return": 0.46236110758036375,
      "shoulder_t008/success": 0.46875,
      "throughput_fps": 95.44016412685706,
      "train/episode_return": 0.6430555582046509,
      "train/success_rate": 0.6666666666666666,
      "variant": "partial_shift_0.22"
    },
    {
      "eval_return": 0.0,
      "eval_success_rate": 0.0,
      "gap_t0055/margin": 1.7746828440576792,
      "gap_t0055/return": 0.0,
      "gap_t0055/success": 0.0,
      "greedy/margin": 1.7746828440576792,
      "greedy/return": 0.0,
      "greedy/success": 0.0,
      "label": "por_actor_hidden_partial_shift22_bounded_shift",
      "lower_t005/margin": 1.7746828440576792,
      "lower_t005/return": 0.0,
      "lower_t005/success": 0.0,
      "policy/option_hidden_bound_shift": 1.0,
      "policy/option_hidden_film_gate_mean": 0.12124888832554405,
      "policy/option_hidden_film_gate_signal_mean": 0.34642541143629285,
      "policy/option_hidden_film_scale_norm": 0.0316978335150598,
      "policy/option_hidden_film_shift_norm": 0.006262416762794242,
      "policy/option_hidden_film_shift_weight": 0.219999999999999,
      "policy/option_hidden_shift_bound_scale": 1.0,
      "run_dir": "outputs/experiments/memory_actor_hidden_bounded_shift_probe/memory_por_switchy_actor_hidden_partial_shift22_bounded_shift",
      "shoulder_t008/margin": 1.7746828440576792,
      "shoulder_t008/return": 0.0,
      "shoulder_t008/success": 0.0,
      "throughput_fps": 94.17019826503233,
      "train/episode_return": 0.23484444379806518,
      "train/success_rate": 0.28,
      "variant": "bounded_shift_1x"
    },
    {
      "eval_return": 0.0,
      "eval_success_rate": 0.0,
      "gap_t0055/margin": 2.205769889608577,
      "gap_t0055/return": 0.0,
      "gap_t0055/success": 0.0,
      "greedy/margin": 2.205769889608577,
      "greedy/return": 0.0,
      "greedy/success": 0.0,
      "label": "por_actor_hidden_partial_shift22_bounded_shift2x",
      "lower_t005/margin": 2.205769889608577,
      "lower_t005/return": 0.0,
      "lower_t005/success": 0.0,
      "policy/option_hidden_bound_shift": 1.0,
      "policy/option_hidden_film_gate_mean": 0.10567847060752504,
      "policy/option_hidden_film_gate_signal_mean": 0.30193847090373804,
      "policy/option_hidden_film_scale_norm": 0.04175092919189253,
      "policy/option_hidden_film_shift_norm": 0.02493895173854666,
      "policy/option_hidden_film_shift_weight": 0.219999999999999,
      "policy/option_hidden_shift_bound_scale": 2.0,
      "run_dir": "outputs/experiments/memory_actor_hidden_bounded_shift_probe/memory_por_switchy_actor_hidden_partial_shift22_bounded_shift2x",
      "shoulder_t008/margin": 2.205769889608577,
      "shoulder_t008/return": 0.0,
      "shoulder_t008/success": 0.0,
      "throughput_fps": 94.99800388871675,
      "train/episode_return": 0.36888889166025013,
      "train/success_rate": 0.38461538461538464,
      "variant": "bounded_shift_2x"
    }
  ]
}