{
  "rows": [
    {
      "gap_t0055/margin": 0.43032645015402404,
      "gap_t0055/return": 0.32479166641132906,
      "gap_t0055/success": 0.44140625,
      "greedy/margin": 0.2990187598449856,
      "greedy/return": 0.0,
      "greedy/success": 0.0,
      "label": "por_base",
      "lower_t005/margin": 0.38212773103749254,
      "lower_t005/return": 0.23142361175268888,
      "lower_t005/success": 0.37109375,
      "policy/option_hidden_adaptive_scale_mean": 0.0,
      "policy/option_hidden_film_gate_signal_mean": 0.0,
      "policy/option_hidden_film_scale_norm": 0.0,
      "policy/option_hidden_film_shift_norm": 0.0,
      "shoulder_t008/margin": 0.6880631369923276,
      "shoulder_t008/return": 0.4383767357794568,
      "shoulder_t008/success": 0.48046875,
      "train/episode_return": 0.5171717161482031,
      "train/success_rate": 0.5303030303030303
    },
    {
      "gap_t0055/margin": 2.352037493622906,
      "gap_t0055/return": 0.46300347009673715,
      "gap_t0055/success": 0.46875,
      "greedy/margin": 2.352037493622906,
      "greedy/return": 0.46300347009673715,
      "greedy/success": 0.46875,
      "label": "por_actor_hidden_partial_shift22",
      "lower_t005/margin": 2.352037493622906,
      "lower_t005/return": 0.46300347009673715,
      "lower_t005/success": 0.46875,
      "policy/option_hidden_adaptive_scale_mean": 0.14329319021531514,
      "policy/option_hidden_film_gate_signal_mean": 0.4094091142926897,
      "policy/option_hidden_film_scale_norm": 0.10732636920043401,
      "policy/option_hidden_film_shift_norm": 0.02282115417931761,
      "shoulder_t008/margin": 2.352037493622906,
      "shoulder_t008/return": 0.46300347009673715,
      "shoulder_t008/success": 0.46875,
      "train/episode_return": 0.650861106812954,
      "train/success_rate": 0.6625
    },
    {
      "gap_t0055/margin": 1.4371422070126627,
      "gap_t0055/return": 0.4629947894718498,
      "gap_t0055/success": 0.47265625,
      "greedy/margin": 1.1005830129386975,
      "greedy/return": 0.258472221205011,
      "greedy/success": 0.26171875,
      "label": "por_actor_hidden_partial_shift22_adaptive_floor25",
      "lower_t005/margin": 1.4111604465349536,
      "lower_t005/return": 0.4611718733794987,
      "lower_t005/success": 0.47265625,
      "policy/option_hidden_adaptive_scale_mean": 0.11408416788887095,
      "policy/option_hidden_film_gate_signal_mean": 0.39414758770554154,
      "policy/option_hidden_film_scale_norm": 0.028516159634347314,
      "policy/option_hidden_film_shift_norm": 0.007824944141378373,
      "shoulder_t008/margin": 1.507360896673805,
      "shoulder_t008/return": 0.46863715117797256,
      "shoulder_t008/success": 0.4765625,
      "train/episode_return": 0.4403888896107674,
      "train/success_rate": 0.45
    }
  ]
}