{
  "rows": [
    {
      "eval_return": 0.0,
      "eval_success_rate": 0.0,
      "gap_t0055/margin": 0.4250404139806415,
      "gap_t0055/return": 0.3697569463402033,
      "gap_t0055/success": 0.453125,
      "greedy/margin": 0.29943808566916874,
      "greedy/return": 0.0,
      "greedy/success": 0.0,
      "label": "por_base",
      "lower_t005/margin": 0.3720607345882373,
      "lower_t005/return": 0.2513888902030885,
      "lower_t005/success": 0.375,
      "policy/option_hidden_branch_gates": 0.0,
      "policy/option_hidden_film_scale_norm": 0.0,
      "policy/option_hidden_film_shift_norm": 0.0,
      "policy/option_hidden_scale_duration_mix": 0.0,
      "policy/option_hidden_scale_gate_mean": 0.0,
      "policy/option_hidden_scale_gate_signal_mean": 0.0,
      "policy/option_hidden_shift_duration_mix": 0.0,
      "policy/option_hidden_shift_gate_mean": 0.0,
      "policy/option_hidden_shift_gate_signal_mean": 0.0,
      "run_dir": "outputs/experiments/memory_actor_hidden_branch_gate_probe/memory_por_switchy_rerun",
      "shoulder_t008/margin": 0.72771759272405,
      "shoulder_t008/return": 0.43284722324460745,
      "shoulder_t008/success": 0.46875,
      "throughput_fps": 116.67669028757187,
      "train/episode_return": 0.5171717161482031,
      "train/success_rate": 0.5303030303030303,
      "variant": "none"
    },
    {
      "eval_return": 0.5558333285152912,
      "eval_success_rate": 0.5625,
      "gap_t0055/margin": 2.3544344390165945,
      "gap_t0055/return": 0.4627083297818899,
      "gap_t0055/success": 0.46875,
      "greedy/margin": 2.3544344390165945,
      "greedy/return": 0.4627083297818899,
      "greedy/success": 0.46875,
      "label": "por_actor_hidden_partial_shift22",
      "lower_t005/margin": 2.3544344390165945,
      "lower_t005/return": 0.4627083297818899,
      "lower_t005/success": 0.46875,
      "policy/option_hidden_branch_gates": 0.0,
      "policy/option_hidden_film_scale_norm": 0.10732636920043401,
      "policy/option_hidden_film_shift_norm": 0.02282115417931761,
      "policy/option_hidden_scale_duration_mix": 1.0,
      "policy/option_hidden_scale_gate_mean": 0.14329319021531514,
      "policy/option_hidden_scale_gate_signal_mean": 0.4094091142926897,
      "policy/option_hidden_shift_duration_mix": 1.0,
      "policy/option_hidden_shift_gate_mean": 0.14329319021531514,
      "policy/option_hidden_shift_gate_signal_mean": 0.4094091142926897,
      "run_dir": "outputs/experiments/memory_actor_hidden_branch_gate_probe/memory_por_switchy_actor_hidden_partial_shift22",
      "shoulder_t008/margin": 2.3544344390165945,
      "shoulder_t008/return": 0.4627083297818899,
      "shoulder_t008/success": 0.46875,
      "throughput_fps": 93.48694789264678,
      "train/episode_return": 0.650861106812954,
      "train/success_rate": 0.6625,
      "variant": "partial_shift_0.22"
    },
    {
      "eval_return": 0.0,
      "eval_success_rate": 0.0,
      "gap_t0055/margin": 0.5572903175964767,
      "gap_t0055/return": 0.0,
      "gap_t0055/success": 0.0,
      "greedy/margin": 0.5572903175964767,
      "greedy/return": 0.0,
      "greedy/success": 0.0,
      "label": "por_actor_hidden_partial_shift22_shiftmix95",
      "lower_t005/margin": 0.5572903175964767,
      "lower_t005/return": 0.0,
      "lower_t005/success": 0.0,
      "policy/option_hidden_branch_gates": 1.0,
      "policy/option_hidden_film_scale_norm": 0.02660379051518293,
      "policy/option_hidden_film_shift_norm": 0.004673647878829528,
      "policy/option_hidden_scale_duration_mix": 1.0,
      "policy/option_hidden_scale_gate_mean": 0.12935902172768557,
      "policy/option_hidden_scale_gate_signal_mean": 0.36959722141424817,
      "policy/option_hidden_shift_duration_mix": 0.95000000000001,
      "policy/option_hidden_shift_gate_mean": 0.12358304167419304,
      "policy/option_hidden_shift_gate_signal_mean": 0.35309440508300877,
      "run_dir": "outputs/experiments/memory_actor_hidden_branch_gate_probe/memory_por_switchy_actor_hidden_partial_shift22_shiftmix95",
      "shoulder_t008/margin": 0.5572903175964767,
      "shoulder_t008/return": 0.0,
      "shoulder_t008/success": 0.0,
      "throughput_fps": 91.70975651623579,
      "train/episode_return": 0.18933333158493043,
      "train/success_rate": 0.2,
      "variant": "shift_mix_0.95"
    },
    {
      "eval_return": 0.5558333285152912,
      "eval_success_rate": 0.5625,
      "gap_t0055/margin": 2.538543741613449,
      "gap_t0055/return": 0.4627083297818899,
      "gap_t0055/success": 0.46875,
      "greedy/margin": 2.538543741613449,
      "greedy/return": 0.4627083297818899,
      "greedy/success": 0.46875,
      "label": "por_actor_hidden_partial_shift22_shiftmix90",
      "lower_t005/margin": 2.538543741613449,
      "lower_t005/return": 0.4627083297818899,
      "lower_t005/success": 0.46875,
      "policy/option_hidden_branch_gates": 1.0,
      "policy/option_hidden_film_scale_norm": 0.089865542948246,
      "policy/option_hidden_film_shift_norm": 0.014853467898709434,
      "policy/option_hidden_scale_duration_mix": 1.0,
      "policy/option_hidden_scale_gate_mean": 0.12591967039874621,
      "policy/option_hidden_scale_gate_signal_mean": 0.3597704938479832,
      "policy/option_hidden_shift_duration_mix": 0.9000000000000002,
      "policy/option_hidden_shift_gate_mean": 0.11417330695050103,
      "policy/option_hidden_shift_gate_signal_mean": 0.3262094535997936,
      "run_dir": "outputs/experiments/memory_actor_hidden_branch_gate_probe/memory_por_switchy_actor_hidden_partial_shift22_shiftmix90",
      "shoulder_t008/margin": 2.538543741613449,
      "shoulder_t008/return": 0.4627083297818899,
      "shoulder_t008/success": 0.46875,
      "throughput_fps": 91.74988105872889,
      "train/episode_return": 0.4931986512559833,
      "train/success_rate": 0.5,
      "variant": "shift_mix_0.90"
    }
  ]
}