{
  "rows": [
    {
      "eval_return": 0.0,
      "eval_success_rate": 0.0,
      "gap_t0055/margin": 0.4250404139806415,
      "gap_t0055/return": 0.3697569463402033,
      "gap_t0055/success": 0.453125,
      "greedy/margin": 0.29943808566916874,
      "greedy/return": 0.0,
      "greedy/success": 0.0,
      "label": "por_base",
      "lower_t005/margin": 0.3720607345882373,
      "lower_t005/return": 0.2513888902030885,
      "lower_t005/success": 0.375,
      "policy/option_hidden_film_gate_mean": 0.0,
      "policy/option_hidden_film_scale_norm": 0.0,
      "policy/option_hidden_film_shift_norm": 0.0,
      "policy/option_hidden_low_rank": 0.0,
      "policy/option_hidden_low_rank_dim": 0.0,
      "run_dir": "outputs/experiments/memory_actor_hidden_low_rank_probe/memory_por_switchy_rerun",
      "shoulder_t008/margin": 0.72771759272405,
      "shoulder_t008/return": 0.43284722324460745,
      "shoulder_t008/success": 0.46875,
      "throughput_fps": 116.96058878402928,
      "train/episode_return": 0.5171717161482031,
      "train/success_rate": 0.5303030303030303,
      "variant": "none"
    },
    {
      "eval_return": 0.5558333285152912,
      "eval_success_rate": 0.5625,
      "gap_t0055/margin": 2.3544344390165945,
      "gap_t0055/return": 0.4627083297818899,
      "gap_t0055/success": 0.46875,
      "greedy/margin": 2.3544344390165945,
      "greedy/return": 0.4627083297818899,
      "greedy/success": 0.46875,
      "label": "por_actor_hidden_partial_shift22",
      "lower_t005/margin": 2.3544344390165945,
      "lower_t005/return": 0.4627083297818899,
      "lower_t005/success": 0.46875,
      "policy/option_hidden_film_gate_mean": 0.14329319021531514,
      "policy/option_hidden_film_scale_norm": 0.10732636920043401,
      "policy/option_hidden_film_shift_norm": 0.02282115417931761,
      "policy/option_hidden_low_rank": 0.0,
      "policy/option_hidden_low_rank_dim": 32.0,
      "run_dir": "outputs/experiments/memory_actor_hidden_low_rank_probe/memory_por_switchy_actor_hidden_partial_shift22",
      "shoulder_t008/margin": 2.3544344390165945,
      "shoulder_t008/return": 0.4627083297818899,
      "shoulder_t008/success": 0.46875,
      "throughput_fps": 93.0626838564001,
      "train/episode_return": 0.650861106812954,
      "train/success_rate": 0.6625,
      "variant": "partial_shift_0.22"
    },
    {
      "eval_return": 0.0,
      "eval_success_rate": 0.0,
      "gap_t0055/margin": 1.4350349455473967,
      "gap_t0055/return": 0.0,
      "gap_t0055/success": 0.0,
      "greedy/margin": 1.4350349455473967,
      "greedy/return": 0.0,
      "greedy/success": 0.0,
      "label": "por_actor_hidden_partial_shift22_lowrank16",
      "lower_t005/margin": 1.4350349455473967,
      "lower_t005/return": 0.0,
      "lower_t005/success": 0.0,
      "policy/option_hidden_film_gate_mean": 0.11765040493121853,
      "policy/option_hidden_film_scale_norm": 0.006784348300784642,
      "policy/option_hidden_film_shift_norm": 0.0015090484458113802,
      "policy/option_hidden_low_rank": 1.0,
      "policy/option_hidden_low_rank_dim": 16.0,
      "run_dir": "outputs/experiments/memory_actor_hidden_low_rank_probe/memory_por_switchy_actor_hidden_partial_shift22_lowrank16",
      "shoulder_t008/margin": 1.4350349455473967,
      "shoulder_t008/return": 0.0,
      "shoulder_t008/success": 0.0,
      "throughput_fps": 92.3469348574139,
      "train/episode_return": 0.2762393126120934,
      "train/success_rate": 0.3076923076923077,
      "variant": "low_rank_16"
    },
    {
      "eval_return": 0.0,
      "eval_success_rate": 0.0,
      "gap_t0055/margin": 0.7639139486982682,
      "gap_t0055/return": 0.0,
      "gap_t0055/success": 0.0,
      "greedy/margin": 0.7639139486982682,
      "greedy/return": 0.0,
      "greedy/success": 0.0,
      "label": "por_actor_hidden_partial_shift22_lowrank32",
      "lower_t005/margin": 0.7639139486982682,
      "lower_t005/return": 0.0,
      "lower_t005/success": 0.0,
      "policy/option_hidden_film_gate_mean": 0.134439037013569,
      "policy/option_hidden_film_scale_norm": 0.013672486654724236,
      "policy/option_hidden_film_shift_norm": 0.002327221348007888,
      "policy/option_hidden_low_rank": 1.0,
      "policy/option_hidden_low_rank_dim": 32.0,
      "run_dir": "outputs/experiments/memory_actor_hidden_low_rank_probe/memory_por_switchy_actor_hidden_partial_shift22_lowrank32",
      "shoulder_t008/margin": 0.7688402017154541,
      "shoulder_t008/return": 0.04586805496364832,
      "shoulder_t008/success": 0.078125,
      "throughput_fps": 92.90777438913408,
      "train/episode_return": 0.37059829097527724,
      "train/success_rate": 0.38461538461538464,
      "variant": "low_rank_32"
    }
  ]
}