{
  "rows": [
    {
      "eval_return": 0.0,
      "eval_success_rate": 0.0,
      "gap_t0055/margin": 0.4250404139806415,
      "gap_t0055/return": 0.3697569463402033,
      "gap_t0055/success": 0.453125,
      "greedy/margin": 0.29943808566916874,
      "greedy/return": 0.0,
      "greedy/success": 0.0,
      "label": "por_base",
      "lower_t005/margin": 0.3720607345882373,
      "lower_t005/return": 0.2513888902030885,
      "lower_t005/success": 0.375,
      "policy/option_hidden_film_gate_mean": 0.0,
      "policy/option_hidden_film_gate_signal_mean": 0.0,
      "policy/option_hidden_film_scale_norm": 0.0,
      "policy/option_hidden_film_shift_norm": 0.0,
      "policy/option_hidden_film_shift_weight": 0.0,
      "run_dir": "outputs/experiments/memory_actor_hidden_scale_followup_probe/memory_por_switchy_rerun",
      "shoulder_t008/margin": 0.72771759272405,
      "shoulder_t008/return": 0.43284722324460745,
      "shoulder_t008/success": 0.46875,
      "throughput_fps": 116.38780621299021,
      "train/episode_return": 0.5171717161482031,
      "train/success_rate": 0.5303030303030303,
      "variant": "none"
    },
    {
      "eval_return": 0.5558333285152912,
      "eval_success_rate": 0.5625,
      "gap_t0055/margin": 2.6142944591097708,
      "gap_t0055/return": 0.4626736082136631,
      "gap_t0055/success": 0.46875,
      "greedy/margin": 2.6271637698302843,
      "greedy/return": 0.4627083297818899,
      "greedy/success": 0.46875,
      "label": "por_actor_hidden_partial_shift225",
      "lower_t005/margin": 2.6142944591097708,
      "lower_t005/return": 0.4626736082136631,
      "lower_t005/success": 0.46875,
      "policy/option_hidden_film_gate_mean": 0.11688576958009175,
      "policy/option_hidden_film_gate_signal_mean": 0.33395934317793163,
      "policy/option_hidden_film_scale_norm": 0.09865589439868927,
      "policy/option_hidden_film_shift_norm": 0.022405138771448816,
      "policy/option_hidden_film_shift_weight": 0.22500000000000006,
      "run_dir": "outputs/experiments/memory_actor_hidden_scale_followup_probe/memory_por_switchy_actor_hidden_partial_shift225",
      "shoulder_t008/margin": 2.5711953115923007,
      "shoulder_t008/return": 0.46256944071501493,
      "shoulder_t008/success": 0.46875,
      "throughput_fps": 94.92036649477073,
      "train/episode_return": 0.4278968209400773,
      "train/success_rate": 0.4642857142857143,
      "variant": "shift225_scale35"
    },
    {
      "eval_return": 0.5558333285152912,
      "eval_success_rate": 0.5625,
      "gap_t0055/margin": 2.8638942652603703,
      "gap_t0055/return": 0.4627083297818899,
      "gap_t0055/success": 0.46875,
      "greedy/margin": 2.8638942652603703,
      "greedy/return": 0.4627083297818899,
      "greedy/success": 0.46875,
      "label": "por_actor_hidden_partial_shift225_scale375",
      "lower_t005/margin": 2.8638942652603703,
      "lower_t005/return": 0.4627083297818899,
      "lower_t005/success": 0.46875,
      "policy/option_hidden_film_gate_mean": 0.12837434613278934,
      "policy/option_hidden_film_gate_signal_mean": 0.3423315797533308,
      "policy/option_hidden_film_scale_norm": 0.13076880361352647,
      "policy/option_hidden_film_shift_norm": 0.02868806238153151,
      "policy/option_hidden_film_shift_weight": 0.22500000000000006,
      "run_dir": "outputs/experiments/memory_actor_hidden_scale_followup_probe/memory_por_switchy_actor_hidden_partial_shift225_scale375",
      "shoulder_t008/margin": 2.8638942652603703,
      "shoulder_t008/return": 0.4627083297818899,
      "shoulder_t008/success": 0.46875,
      "throughput_fps": 93.8353236666115,
      "train/episode_return": 0.46519519428949097,
      "train/success_rate": 0.47297297297297297,
      "variant": "shift225_scale375"
    },
    {
      "eval_return": 0.0,
      "eval_success_rate": 0.0,
      "gap_t0055/margin": 1.5532942357116644,
      "gap_t0055/return": 0.0,
      "gap_t0055/success": 0.0,
      "greedy/margin": 1.5532942357116644,
      "greedy/return": 0.0,
      "greedy/success": 0.0,
      "label": "por_actor_hidden_partial_shift225_scale40",
      "lower_t005/margin": 1.5532942357116644,
      "lower_t005/return": 0.0,
      "lower_t005/success": 0.0,
      "policy/option_hidden_film_gate_mean": 0.14943672990725365,
      "policy/option_hidden_film_gate_signal_mean": 0.37359180295908895,
      "policy/option_hidden_film_scale_norm": 0.09858483340085289,
      "policy/option_hidden_film_shift_norm": 0.024113042760686373,
      "policy/option_hidden_film_shift_weight": 0.22499999999999667,
      "run_dir": "outputs/experiments/memory_actor_hidden_scale_followup_probe/memory_por_switchy_actor_hidden_partial_shift225_scale40",
      "shoulder_t008/margin": 1.5532942357116644,
      "shoulder_t008/return": 0.0,
      "shoulder_t008/success": 0.0,
      "throughput_fps": 94.70325861880475,
      "train/episode_return": 0.25037036339441937,
      "train/success_rate": 0.3333333333333333,
      "variant": "shift225_scale40"
    }
  ]
}