{
  "rows": [
    {
      "eval_return": 0.0,
      "eval_success_rate": 0.0,
      "gap_t0055/margin": 0.4250404139806415,
      "gap_t0055/return": 0.3697569463402033,
      "gap_t0055/success": 0.453125,
      "greedy/margin": 0.29943808566916874,
      "greedy/return": 0.0,
      "greedy/success": 0.0,
      "label": "por_base",
      "lower_t005/margin": 0.3720607345882373,
      "lower_t005/return": 0.2513888902030885,
      "lower_t005/success": 0.375,
      "policy/option_hidden_film_duration_mix": 1.0,
      "policy/option_hidden_film_gate_mean": 0.0,
      "policy/option_hidden_film_gate_signal_mean": 0.0,
      "policy/option_hidden_film_scale_norm": 0.0,
      "policy/option_hidden_film_shift_norm": 0.0,
      "policy/option_hidden_film_shift_weight": 0.0,
      "run_dir": "outputs/experiments/memory_actor_hidden_gate_mix_followup_probe/memory_por_switchy_rerun",
      "shoulder_t008/margin": 0.72771759272405,
      "shoulder_t008/return": 0.43284722324460745,
      "shoulder_t008/success": 0.46875,
      "throughput_fps": 117.08935342786457,
      "train/episode_return": 0.5171717161482031,
      "train/success_rate": 0.5303030303030303,
      "variant": "none"
    },
    {
      "eval_return": 0.5558333285152912,
      "eval_success_rate": 0.5625,
      "gap_t0055/margin": 2.6142944591097708,
      "gap_t0055/return": 0.4626736082136631,
      "gap_t0055/success": 0.46875,
      "greedy/margin": 2.6271637698302843,
      "greedy/return": 0.4627083297818899,
      "greedy/success": 0.46875,
      "label": "por_actor_hidden_partial_shift225",
      "lower_t005/margin": 2.6142944591097708,
      "lower_t005/return": 0.4626736082136631,
      "lower_t005/success": 0.46875,
      "policy/option_hidden_film_duration_mix": 1.0,
      "policy/option_hidden_film_gate_mean": 0.11688576958009175,
      "policy/option_hidden_film_gate_signal_mean": 0.33395934317793163,
      "policy/option_hidden_film_scale_norm": 0.09865589439868927,
      "policy/option_hidden_film_shift_norm": 0.022405138771448816,
      "policy/option_hidden_film_shift_weight": 0.22500000000000006,
      "run_dir": "outputs/experiments/memory_actor_hidden_gate_mix_followup_probe/memory_por_switchy_actor_hidden_partial_shift225",
      "shoulder_t008/margin": 2.5711953115923007,
      "shoulder_t008/return": 0.46256944071501493,
      "shoulder_t008/success": 0.46875,
      "throughput_fps": 95.45957604405986,
      "train/episode_return": 0.4278968209400773,
      "train/success_rate": 0.4642857142857143,
      "variant": "duration_mix_1.00"
    },
    {
      "eval_return": 0.0,
      "eval_success_rate": 0.0,
      "gap_t0055/margin": 0.1322273734813376,
      "gap_t0055/return": 0.3079513870179653,
      "gap_t0055/success": 0.34375,
      "greedy/margin": 0.15049624433855951,
      "greedy/return": 0.0,
      "greedy/success": 0.0,
      "label": "por_actor_hidden_partial_shift225_mix90",
      "lower_t005/margin": 0.13547451561815144,
      "lower_t005/return": 0.28166666720062494,
      "lower_t005/success": 0.34375,
      "policy/option_hidden_film_duration_mix": 0.8999999999999867,
      "policy/option_hidden_film_gate_mean": 0.10714324332865668,
      "policy/option_hidden_film_gate_signal_mean": 0.30612357321344774,
      "policy/option_hidden_film_scale_norm": 0.029346489060072253,
      "policy/option_hidden_film_shift_norm": 0.005842634442227858,
      "policy/option_hidden_film_shift_weight": 0.22499999999999667,
      "run_dir": "outputs/experiments/memory_actor_hidden_gate_mix_followup_probe/memory_por_switchy_actor_hidden_partial_shift225_mix90",
      "shoulder_t008/margin": 0.12995703731943564,
      "shoulder_t008/return": 0.32489583268761635,
      "shoulder_t008/success": 0.34375,
      "throughput_fps": 94.30324842575587,
      "train/episode_return": 0.3722222149372101,
      "train/success_rate": 0.5,
      "variant": "duration_mix_0.90"
    },
    {
      "eval_return": 0.0,
      "eval_success_rate": 0.0,
      "gap_t0055/margin": 1.6635405632448785,
      "gap_t0055/return": 0.0,
      "gap_t0055/success": 0.0,
      "greedy/margin": 1.6635405632448785,
      "greedy/return": 0.0,
      "greedy/success": 0.0,
      "label": "por_actor_hidden_partial_shift225_mix95",
      "lower_t005/margin": 1.6635405632448785,
      "lower_t005/return": 0.0,
      "lower_t005/success": 0.0,
      "policy/option_hidden_film_duration_mix": 0.95000000000001,
      "policy/option_hidden_film_gate_mean": 0.11837889000221535,
      "policy/option_hidden_film_gate_signal_mean": 0.33822542484159823,
      "policy/option_hidden_film_scale_norm": 0.028038974389157912,
      "policy/option_hidden_film_shift_norm": 0.006121105581154058,
      "policy/option_hidden_film_shift_weight": 0.22499999999999667,
      "run_dir": "outputs/experiments/memory_actor_hidden_gate_mix_followup_probe/memory_por_switchy_actor_hidden_partial_shift225_mix95",
      "shoulder_t008/margin": 1.6635405632448785,
      "shoulder_t008/return": 0.0,
      "shoulder_t008/success": 0.0,
      "throughput_fps": 94.838244509714,
      "train/episode_return": 0.5973737348209728,
      "train/success_rate": 0.6363636363636364,
      "variant": "duration_mix_0.95"
    }
  ]
}