{
  "rows": [
    {
      "eval_return": 0.0,
      "eval_success_rate": 0.0,
      "gap_t0055/margin": 0.4250404139806415,
      "gap_t0055/return": 0.3697569463402033,
      "gap_t0055/success": 0.453125,
      "greedy/margin": 0.29943808566916874,
      "greedy/return": 0.0,
      "greedy/success": 0.0,
      "label": "por_base",
      "lower_t005/margin": 0.3720607345882373,
      "lower_t005/return": 0.2513888902030885,
      "lower_t005/success": 0.375,
      "policy/option_hidden_film_gate_mean": 0.0,
      "policy/option_hidden_film_gate_signal_mean": 0.0,
      "policy/option_hidden_film_scale_norm": 0.0,
      "policy/option_hidden_film_shift_norm": 0.0,
      "policy/option_hidden_film_shift_weight": 0.0,
      "run_dir": "outputs/experiments/memory_actor_hidden_threshold_probe/memory_por_switchy_rerun",
      "shoulder_t008/margin": 0.72771759272405,
      "shoulder_t008/return": 0.43284722324460745,
      "shoulder_t008/success": 0.46875,
      "throughput_fps": 115.67038633426088,
      "train/episode_return": 0.5171717161482031,
      "train/success_rate": 0.5303030303030303,
      "variant": "none"
    },
    {
      "eval_return": 0.5558333285152912,
      "eval_success_rate": 0.5625,
      "gap_t0055/margin": 2.6142944591097708,
      "gap_t0055/return": 0.4626736082136631,
      "gap_t0055/success": 0.46875,
      "greedy/margin": 2.6271637698302843,
      "greedy/return": 0.4627083297818899,
      "greedy/success": 0.46875,
      "label": "por_actor_hidden_partial_shift225",
      "lower_t005/margin": 2.6142944591097708,
      "lower_t005/return": 0.4626736082136631,
      "lower_t005/success": 0.46875,
      "policy/option_hidden_film_gate_mean": 0.11688576958009175,
      "policy/option_hidden_film_gate_signal_mean": 0.33395934317793163,
      "policy/option_hidden_film_scale_norm": 0.09865589439868927,
      "policy/option_hidden_film_shift_norm": 0.022405138771448816,
      "policy/option_hidden_film_shift_weight": 0.22500000000000006,
      "run_dir": "outputs/experiments/memory_actor_hidden_threshold_probe/memory_por_switchy_actor_hidden_partial_shift225",
      "shoulder_t008/margin": 2.5711953115923007,
      "shoulder_t008/return": 0.46256944071501493,
      "shoulder_t008/success": 0.46875,
      "throughput_fps": 94.95996401453857,
      "train/episode_return": 0.4278968209400773,
      "train/success_rate": 0.4642857142857143,
      "variant": "partial_shift_0.225"
    },
    {
      "eval_return": 0.0,
      "eval_success_rate": 0.0,
      "gap_t0055/margin": 1.9839829372449054,
      "gap_t0055/return": 0.0,
      "gap_t0055/success": 0.0,
      "greedy/margin": 1.9839829372449054,
      "greedy/return": 0.0,
      "greedy/success": 0.0,
      "label": "por_actor_hidden_partial_shift215",
      "lower_t005/margin": 1.9839829372449054,
      "lower_t005/return": 0.0,
      "lower_t005/success": 0.0,
      "policy/option_hidden_film_gate_mean": 0.1795070159398479,
      "policy/option_hidden_film_gate_signal_mean": 0.512877212483206,
      "policy/option_hidden_film_scale_norm": 0.09567018888982726,
      "policy/option_hidden_film_shift_norm": 0.02274938086622659,
      "policy/option_hidden_film_shift_weight": 0.21500000000000274,
      "run_dir": "outputs/experiments/memory_actor_hidden_threshold_probe/memory_por_switchy_actor_hidden_partial_shift215",
      "shoulder_t008/margin": 1.9839829372449054,
      "shoulder_t008/return": 0.0,
      "shoulder_t008/success": 0.0,
      "throughput_fps": 94.16209811032425,
      "train/episode_return": 0.5469444468617439,
      "train/success_rate": 0.575,
      "variant": "partial_shift_0.215"
    },
    {
      "eval_return": 0.5558333285152912,
      "eval_success_rate": 0.5625,
      "gap_t0055/margin": 1.3328889194011155,
      "gap_t0055/return": 0.46243055164813995,
      "gap_t0055/success": 0.46875,
      "greedy/margin": 1.37835688707197,
      "greedy/return": 0.4627083297818899,
      "greedy/success": 0.46875,
      "label": "por_actor_hidden_partial_shift22",
      "lower_t005/margin": 1.3326482229134333,
      "lower_t005/return": 0.46249999571591616,
      "lower_t005/success": 0.46875,
      "policy/option_hidden_film_gate_mean": 0.20377264065401895,
      "policy/option_hidden_film_gate_signal_mean": 0.5822075435093471,
      "policy/option_hidden_film_scale_norm": 0.3371640741825104,
      "policy/option_hidden_film_shift_norm": 0.048238067754677365,
      "policy/option_hidden_film_shift_weight": 0.22000000000000006,
      "run_dir": "outputs/experiments/memory_actor_hidden_threshold_probe/memory_por_switchy_actor_hidden_partial_shift22",
      "shoulder_t008/margin": 1.332640333543901,
      "shoulder_t008/return": 0.46236110758036375,
      "shoulder_t008/success": 0.46875,
      "throughput_fps": 95.1521732251572,
      "train/episode_return": 0.6430555582046509,
      "train/success_rate": 0.6666666666666666,
      "variant": "partial_shift_0.22"
    }
  ]
}