{
  "rows": [
    {
      "eval_return": 0.0,
      "eval_success_rate": 0.0,
      "gap_t0055/margin": 0.4250404139806415,
      "gap_t0055/return": 0.3697569463402033,
      "gap_t0055/success": 0.453125,
      "greedy/margin": 0.29943808566916874,
      "greedy/return": 0.0,
      "greedy/success": 0.0,
      "label": "por_base",
      "lower_t005/margin": 0.3720607345882373,
      "lower_t005/return": 0.2513888902030885,
      "lower_t005/success": 0.375,
      "policy/option_hidden_film_gate_mean": 0.0,
      "policy/option_hidden_film_gate_signal_mean": 0.0,
      "policy/option_hidden_film_scale_norm": 0.0,
      "policy/option_hidden_film_shift_norm": 0.0,
      "policy/option_hidden_film_shift_weight": 0.0,
      "policy/option_hidden_split_heads": 0.0,
      "run_dir": "outputs/experiments/memory_actor_hidden_split_heads_probe/memory_por_switchy_rerun",
      "shoulder_t008/margin": 0.72771759272405,
      "shoulder_t008/return": 0.43284722324460745,
      "shoulder_t008/success": 0.46875,
      "throughput_fps": 116.52762487541762,
      "train/episode_return": 0.5171717161482031,
      "train/success_rate": 0.5303030303030303,
      "variant": "none"
    },
    {
      "eval_return": 0.5558333285152912,
      "eval_success_rate": 0.5625,
      "gap_t0055/margin": 1.3328889194011155,
      "gap_t0055/return": 0.46243055164813995,
      "gap_t0055/success": 0.46875,
      "greedy/margin": 1.37835688707197,
      "greedy/return": 0.4627083297818899,
      "greedy/success": 0.46875,
      "label": "por_actor_hidden_partial_shift22",
      "lower_t005/margin": 1.3326482229134333,
      "lower_t005/return": 0.46249999571591616,
      "lower_t005/success": 0.46875,
      "policy/option_hidden_film_gate_mean": 0.20377264065401895,
      "policy/option_hidden_film_gate_signal_mean": 0.5822075435093471,
      "policy/option_hidden_film_scale_norm": 0.3371640741825104,
      "policy/option_hidden_film_shift_norm": 0.048238067754677365,
      "policy/option_hidden_film_shift_weight": 0.22000000000000006,
      "policy/option_hidden_split_heads": 0.0,
      "run_dir": "outputs/experiments/memory_actor_hidden_split_heads_probe/memory_por_switchy_actor_hidden_partial_shift22",
      "shoulder_t008/margin": 1.332640333543901,
      "shoulder_t008/return": 0.46236110758036375,
      "shoulder_t008/success": 0.46875,
      "throughput_fps": 95.39910158062499,
      "train/episode_return": 0.6430555582046509,
      "train/success_rate": 0.6666666666666666,
      "variant": "partial_shift_0.22"
    },
    {
      "eval_return": 0.0,
      "eval_success_rate": 0.0,
      "gap_t0055/margin": 1.7915047340462973,
      "gap_t0055/return": 0.0,
      "gap_t0055/success": 0.0,
      "greedy/margin": 1.7915047340462973,
      "greedy/return": 0.0,
      "greedy/success": 0.0,
      "label": "por_actor_hidden_partial_shift22_split_heads",
      "lower_t005/margin": 1.7915047340462973,
      "lower_t005/return": 0.0,
      "lower_t005/success": 0.0,
      "policy/option_hidden_film_gate_mean": 0.11609748325966023,
      "policy/option_hidden_film_gate_signal_mean": 0.3317070743551961,
      "policy/option_hidden_film_scale_norm": 0.045023587769196356,
      "policy/option_hidden_film_shift_norm": 0.007486347542546782,
      "policy/option_hidden_film_shift_weight": 0.219999999999999,
      "policy/option_hidden_split_heads": 1.0,
      "run_dir": "outputs/experiments/memory_actor_hidden_split_heads_probe/memory_por_switchy_actor_hidden_partial_shift22_split_heads",
      "shoulder_t008/margin": 1.7915047340462973,
      "shoulder_t008/return": 0.0,
      "shoulder_t008/success": 0.0,
      "throughput_fps": 92.3846529849861,
      "train/episode_return": 0.4228148102760315,
      "train/success_rate": 0.4666666666666667,
      "variant": "split_heads_shift_0.22"
    },
    {
      "eval_return": 0.0,
      "eval_success_rate": 0.0,
      "gap_t0055/margin": 0.7253663056472569,
      "gap_t0055/return": 0.0,
      "gap_t0055/success": 0.0,
      "greedy/margin": 0.7253663056472569,
      "greedy/return": 0.0,
      "greedy/success": 0.0,
      "label": "por_actor_hidden_partial_shift221_split_heads",
      "lower_t005/margin": 0.7253663056472569,
      "lower_t005/return": 0.0,
      "lower_t005/success": 0.0,
      "policy/option_hidden_film_gate_mean": 0.1606607155483446,
      "policy/option_hidden_film_gate_signal_mean": 0.459030591889664,
      "policy/option_hidden_film_scale_norm": 0.07977098028325004,
      "policy/option_hidden_film_shift_norm": 0.01705441801107408,
      "policy/option_hidden_film_shift_weight": 0.2210000000000017,
      "policy/option_hidden_split_heads": 1.0,
      "run_dir": "outputs/experiments/memory_actor_hidden_split_heads_probe/memory_por_switchy_actor_hidden_partial_shift221_split_heads",
      "shoulder_t008/margin": 0.7256055958143693,
      "shoulder_t008/return": 0.008333333302289248,
      "shoulder_t008/success": 0.03125,
      "throughput_fps": 93.2001185393054,
      "train/episode_return": 0.42087855034096294,
      "train/success_rate": 0.4418604651162791,
      "variant": "split_heads_shift_0.221"
    }
  ]
}