{
  "rows": [
    {
      "eval_return": 0.0,
      "eval_success_rate": 0.0,
      "gap_t0055/margin": 0.4250404139806415,
      "gap_t0055/return": 0.3697569463402033,
      "gap_t0055/success": 0.453125,
      "greedy/margin": 0.29943808566916874,
      "greedy/return": 0.0,
      "greedy/success": 0.0,
      "label": "por_base",
      "lower_t005/margin": 0.3720607345882373,
      "lower_t005/return": 0.2513888902030885,
      "lower_t005/success": 0.375,
      "policy/option_hidden_film_gate_mean": 0.0,
      "policy/option_hidden_film_gate_signal_mean": 0.0,
      "policy/option_hidden_film_scale_norm": 0.0,
      "policy/option_hidden_film_shift_norm": 0.0,
      "policy/option_hidden_film_shift_weight": 0.0,
      "run_dir": "outputs/experiments/memory_actor_hidden_shift22_scale_up_probe/memory_por_switchy_rerun",
      "shoulder_t008/margin": 0.72771759272405,
      "shoulder_t008/return": 0.43284722324460745,
      "shoulder_t008/success": 0.46875,
      "throughput_fps": 116.63222212161415,
      "train/episode_return": 0.5171717161482031,
      "train/success_rate": 0.5303030303030303,
      "variant": "none"
    },
    {
      "eval_return": 0.5558333285152912,
      "eval_success_rate": 0.5625,
      "gap_t0055/margin": 1.3328889194011155,
      "gap_t0055/return": 0.46243055164813995,
      "gap_t0055/success": 0.46875,
      "greedy/margin": 1.37835688707197,
      "greedy/return": 0.4627083297818899,
      "greedy/success": 0.46875,
      "label": "por_actor_hidden_partial_shift22",
      "lower_t005/margin": 1.3326482229134333,
      "lower_t005/return": 0.46249999571591616,
      "lower_t005/success": 0.46875,
      "policy/option_hidden_film_gate_mean": 0.20377264065401895,
      "policy/option_hidden_film_gate_signal_mean": 0.5822075435093471,
      "policy/option_hidden_film_scale_norm": 0.3371640741825104,
      "policy/option_hidden_film_shift_norm": 0.048238067754677365,
      "policy/option_hidden_film_shift_weight": 0.22000000000000006,
      "run_dir": "outputs/experiments/memory_actor_hidden_shift22_scale_up_probe/memory_por_switchy_actor_hidden_partial_shift22",
      "shoulder_t008/margin": 1.332640333543901,
      "shoulder_t008/return": 0.46236110758036375,
      "shoulder_t008/success": 0.46875,
      "throughput_fps": 94.86668263261852,
      "train/episode_return": 0.6430555582046509,
      "train/success_rate": 0.6666666666666666,
      "variant": "shift22_scale35"
    },
    {
      "eval_return": 0.0,
      "eval_success_rate": 0.0,
      "gap_t0055/margin": 1.4661849266033113,
      "gap_t0055/return": 0.0,
      "gap_t0055/success": 0.0,
      "greedy/margin": 1.4661849266033113,
      "greedy/return": 0.0,
      "greedy/success": 0.0,
      "label": "por_actor_hidden_partial_shift22_scale355",
      "lower_t005/margin": 1.4661849266033113,
      "lower_t005/return": 0.0,
      "lower_t005/success": 0.0,
      "policy/option_hidden_film_gate_mean": 0.17630603983078474,
      "policy/option_hidden_film_gate_signal_mean": 0.49663670743689126,
      "policy/option_hidden_film_scale_norm": 0.09394678153373577,
      "policy/option_hidden_film_shift_norm": 0.023267716813234637,
      "policy/option_hidden_film_shift_weight": 0.219999999999999,
      "run_dir": "outputs/experiments/memory_actor_hidden_shift22_scale_up_probe/memory_por_switchy_actor_hidden_partial_shift22_scale355",
      "shoulder_t008/margin": 1.4661849266033113,
      "shoulder_t008/return": 0.0,
      "shoulder_t008/success": 0.0,
      "throughput_fps": 94.24254714688924,
      "train/episode_return": 0.4562433887095678,
      "train/success_rate": 0.47619047619047616,
      "variant": "shift22_scale355"
    },
    {
      "eval_return": 0.0,
      "eval_success_rate": 0.0,
      "gap_t0055/margin": 0.7848139996329944,
      "gap_t0055/return": 0.0,
      "gap_t0055/success": 0.0,
      "greedy/margin": 0.7848139996329944,
      "greedy/return": 0.0,
      "greedy/success": 0.0,
      "label": "por_actor_hidden_partial_shift22_scale36",
      "lower_t005/margin": 0.7848139996329944,
      "lower_t005/return": 0.0,
      "lower_t005/success": 0.0,
      "policy/option_hidden_film_gate_mean": 0.12988877377392333,
      "policy/option_hidden_film_gate_signal_mean": 0.3608021170268824,
      "policy/option_hidden_film_scale_norm": 0.03755436050303188,
      "policy/option_hidden_film_shift_norm": 0.006638799255920781,
      "policy/option_hidden_film_shift_weight": 0.219999999999999,
      "run_dir": "outputs/experiments/memory_actor_hidden_shift22_scale_up_probe/memory_por_switchy_actor_hidden_partial_shift22_scale36",
      "shoulder_t008/margin": 0.7834086651955601,
      "shoulder_t008/return": 0.009270832873880863,
      "shoulder_t008/success": 0.015625,
      "throughput_fps": 95.00208194918217,
      "train/episode_return": 0.6237710425347993,
      "train/success_rate": 0.6363636363636364,
      "variant": "shift22_scale36"
    }
  ]
}