{
  "rows": [
    {
      "eval_return": 0.0,
      "eval_success_rate": 0.0,
      "gap_t0055/margin": 0.4250404139806415,
      "gap_t0055/return": 0.3697569463402033,
      "gap_t0055/success": 0.453125,
      "greedy/margin": 0.29943808566916874,
      "greedy/return": 0.0,
      "greedy/success": 0.0,
      "label": "por_base",
      "lower_t005/margin": 0.3720607345882373,
      "lower_t005/return": 0.2513888902030885,
      "lower_t005/success": 0.375,
      "policy/option_hidden_branch_gates": 0.0,
      "policy/option_hidden_film_scale_norm": 0.0,
      "policy/option_hidden_film_shift_norm": 0.0,
      "policy/option_hidden_scale_duration_mix": 0.0,
      "policy/option_hidden_scale_gate_mean": 0.0,
      "policy/option_hidden_scale_gate_signal_mean": 0.0,
      "policy/option_hidden_shift_duration_mix": 0.0,
      "policy/option_hidden_shift_gate_mean": 0.0,
      "policy/option_hidden_shift_gate_signal_mean": 0.0,
      "run_dir": "outputs/experiments/memory_actor_hidden_scale_branch_gate_probe/memory_por_switchy_rerun",
      "shoulder_t008/margin": 0.72771759272405,
      "shoulder_t008/return": 0.43284722324460745,
      "shoulder_t008/success": 0.46875,
      "throughput_fps": 116.82495363131497,
      "train/episode_return": 0.5171717161482031,
      "train/success_rate": 0.5303030303030303,
      "variant": "none"
    },
    {
      "eval_return": 0.5558333285152912,
      "eval_success_rate": 0.5625,
      "gap_t0055/margin": 2.3544344390165945,
      "gap_t0055/return": 0.4627083297818899,
      "gap_t0055/success": 0.46875,
      "greedy/margin": 2.3544344390165945,
      "greedy/return": 0.4627083297818899,
      "greedy/success": 0.46875,
      "label": "por_actor_hidden_partial_shift22",
      "lower_t005/margin": 2.3544344390165945,
      "lower_t005/return": 0.4627083297818899,
      "lower_t005/success": 0.46875,
      "policy/option_hidden_branch_gates": 0.0,
      "policy/option_hidden_film_scale_norm": 0.10732636920043401,
      "policy/option_hidden_film_shift_norm": 0.02282115417931761,
      "policy/option_hidden_scale_duration_mix": 1.0,
      "policy/option_hidden_scale_gate_mean": 0.14329319021531514,
      "policy/option_hidden_scale_gate_signal_mean": 0.4094091142926897,
      "policy/option_hidden_shift_duration_mix": 1.0,
      "policy/option_hidden_shift_gate_mean": 0.14329319021531514,
      "policy/option_hidden_shift_gate_signal_mean": 0.4094091142926897,
      "run_dir": "outputs/experiments/memory_actor_hidden_scale_branch_gate_probe/memory_por_switchy_actor_hidden_partial_shift22",
      "shoulder_t008/margin": 2.3544344390165945,
      "shoulder_t008/return": 0.4627083297818899,
      "shoulder_t008/success": 0.46875,
      "throughput_fps": 92.57328404316479,
      "train/episode_return": 0.650861106812954,
      "train/success_rate": 0.6625,
      "variant": "partial_shift_0.22"
    },
    {
      "eval_return": 0.0,
      "eval_success_rate": 0.0,
      "gap_t0055/margin": 0.5281031765227701,
      "gap_t0055/return": 0.0,
      "gap_t0055/success": 0.0,
      "greedy/margin": 0.5281031765227701,
      "greedy/return": 0.0,
      "greedy/success": 0.0,
      "label": "por_actor_hidden_partial_shift22_scalemix95",
      "lower_t005/margin": 0.5281031765227701,
      "lower_t005/return": 0.0,
      "lower_t005/success": 0.0,
      "policy/option_hidden_branch_gates": 1.0,
      "policy/option_hidden_film_scale_norm": 0.031102361934788433,
      "policy/option_hidden_film_shift_norm": 0.006138516924585457,
      "policy/option_hidden_scale_duration_mix": 0.95000000000001,
      "policy/option_hidden_scale_gate_mean": 0.13222131590232436,
      "policy/option_hidden_scale_gate_signal_mean": 0.3777752211432398,
      "policy/option_hidden_shift_duration_mix": 1.0,
      "policy/option_hidden_shift_gate_mean": 0.13865715761979422,
      "policy/option_hidden_shift_gate_signal_mean": 0.39616331579508607,
      "run_dir": "outputs/experiments/memory_actor_hidden_scale_branch_gate_probe/memory_por_switchy_actor_hidden_partial_shift22_scalemix95",
      "shoulder_t008/margin": 0.5281031765227701,
      "shoulder_t008/return": 0.0,
      "shoulder_t008/success": 0.0,
      "throughput_fps": 90.6833647415805,
      "train/episode_return": 0.5338888838887215,
      "train/success_rate": 0.625,
      "variant": "scale_mix_0.95"
    },
    {
      "eval_return": 0.0,
      "eval_success_rate": 0.0,
      "gap_t0055/margin": 0.9458779284707559,
      "gap_t0055/return": 0.0,
      "gap_t0055/success": 0.0,
      "greedy/margin": 0.9458779284707559,
      "greedy/return": 0.0,
      "greedy/success": 0.0,
      "label": "por_actor_hidden_partial_shift22_scalemix90",
      "lower_t005/margin": 0.9458779284707559,
      "lower_t005/return": 0.0,
      "lower_t005/success": 0.0,
      "policy/option_hidden_branch_gates": 1.0,
      "policy/option_hidden_film_scale_norm": 0.10781374798144823,
      "policy/option_hidden_film_shift_norm": 0.02722059553604067,
      "policy/option_hidden_scale_duration_mix": 0.8999999999999867,
      "policy/option_hidden_scale_gate_mean": 0.16204852176669204,
      "policy/option_hidden_scale_gate_signal_mean": 0.4629958012037807,
      "policy/option_hidden_shift_duration_mix": 1.0,
      "policy/option_hidden_shift_gate_mean": 0.17084947633154599,
      "policy/option_hidden_shift_gate_signal_mean": 0.48814135322600233,
      "run_dir": "outputs/experiments/memory_actor_hidden_scale_branch_gate_probe/memory_por_switchy_actor_hidden_partial_shift22_scalemix90",
      "shoulder_t008/margin": 0.9458779284707559,
      "shoulder_t008/return": 0.0,
      "shoulder_t008/success": 0.0,
      "throughput_fps": 90.96127752730149,
      "train/episode_return": 0.2693827152252197,
      "train/success_rate": 0.2777777777777778,
      "variant": "scale_mix_0.90"
    }
  ]
}