{
  "rows": [
    {
      "gap_t0055/margin": 0.4250404139806415,
      "gap_t0055/return": 0.3697569463402033,
      "gap_t0055/success": 0.453125,
      "greedy/margin": 0.29943808566916874,
      "greedy/return": 0.0,
      "greedy/success": 0.0,
      "label": "por_base",
      "lower_t005/margin": 0.3720607345882373,
      "lower_t005/return": 0.2513888902030885,
      "lower_t005/success": 0.375,
      "policy/option_hidden_film_gate_mean": 0.0,
      "policy/option_hidden_film_gate_signal_mean": 0.0,
      "policy/option_hidden_film_scale_norm": 0.0,
      "policy/option_hidden_film_shift_norm": 0.0,
      "policy/option_hidden_gate_bias": 0.0,
      "policy/option_hidden_gate_bias_mean": 0.0,
      "policy/option_hidden_gate_bias_scale": 0.0,
      "run_dir": "outputs/experiments/memory_actor_hidden_gate_bias_probe/memory_por_switchy_rerun",
      "shoulder_t008/margin": 0.72771759272405,
      "shoulder_t008/return": 0.43284722324460745,
      "shoulder_t008/success": 0.46875,
      "throughput_fps": 116.65278736256097,
      "train/episode_return": 0.5171717161482031,
      "train/success_rate": 0.5303030303030303,
      "variant": "none"
    },
    {
      "gap_t0055/margin": 2.3544344390165945,
      "gap_t0055/return": 0.4627083297818899,
      "gap_t0055/success": 0.46875,
      "greedy/margin": 2.3544344390165945,
      "greedy/return": 0.4627083297818899,
      "greedy/success": 0.46875,
      "label": "por_actor_hidden_partial_shift22",
      "lower_t005/margin": 2.3544344390165945,
      "lower_t005/return": 0.4627083297818899,
      "lower_t005/success": 0.46875,
      "policy/option_hidden_film_gate_mean": 0.14329319021531514,
      "policy/option_hidden_film_gate_signal_mean": 0.4094091142926897,
      "policy/option_hidden_film_scale_norm": 0.10732636920043401,
      "policy/option_hidden_film_shift_norm": 0.02282115417931761,
      "policy/option_hidden_gate_bias": 0.0,
      "policy/option_hidden_gate_bias_mean": 0.0,
      "policy/option_hidden_gate_bias_scale": 0.0,
      "run_dir": "outputs/experiments/memory_actor_hidden_gate_bias_probe/memory_por_switchy_actor_hidden_partial_shift22",
      "shoulder_t008/margin": 2.3544344390165945,
      "shoulder_t008/return": 0.4627083297818899,
      "shoulder_t008/success": 0.46875,
      "throughput_fps": 91.7746166458063,
      "train/episode_return": 0.650861106812954,
      "train/success_rate": 0.6625,
      "variant": "partial_shift22"
    },
    {
      "gap_t0055/margin": 0.7053444309654459,
      "gap_t0055/return": 0.4249305548146367,
      "gap_t0055/success": 0.4375,
      "greedy/margin": 0.11813536561841581,
      "greedy/return": 0.0,
      "greedy/success": 0.0,
      "label": "por_actor_hidden_partial_shift22_gatebias10",
      "lower_t005/margin": 0.6519185952338403,
      "lower_t005/return": 0.4682638878002763,
      "lower_t005/success": 0.484375,
      "policy/option_hidden_film_gate_mean": 0.10071366232486419,
      "policy/option_hidden_film_gate_signal_mean": 0.28229906018133516,
      "policy/option_hidden_film_scale_norm": 0.0717930443216989,
      "policy/option_hidden_film_shift_norm": 0.014533693299709279,
      "policy/option_hidden_gate_bias": 1.0,
      "policy/option_hidden_gate_bias_mean": 0.005454272680260517,
      "policy/option_hidden_gate_bias_scale": 0.0999999999999996,
      "run_dir": "outputs/experiments/memory_actor_hidden_gate_bias_probe/memory_por_switchy_actor_hidden_partial_shift22_gatebias10",
      "shoulder_t008/margin": 0.8830031409730108,
      "shoulder_t008/return": 0.47510416619479656,
      "shoulder_t008/success": 0.484375,
      "throughput_fps": 84.96368901064346,
      "train/episode_return": 0.6073737388307398,
      "train/success_rate": 0.6363636363636364,
      "variant": "gatebias_0.10"
    },
    {
      "gap_t0055/margin": 1.5104443014955815,
      "gap_t0055/return": 0.0,
      "gap_t0055/success": 0.0,
      "greedy/margin": 1.5104443014955815,
      "greedy/return": 0.0,
      "greedy/success": 0.0,
      "label": "por_actor_hidden_partial_shift22_gatebias20",
      "lower_t005/margin": 1.5104443014955815,
      "lower_t005/return": 0.0,
      "lower_t005/success": 0.0,
      "policy/option_hidden_film_gate_mean": 0.1055866541409934,
      "policy/option_hidden_film_gate_signal_mean": 0.3224229457569711,
      "policy/option_hidden_film_scale_norm": 0.03730183632837401,
      "policy/option_hidden_film_shift_norm": 0.007174664632888672,
      "policy/option_hidden_gate_bias": 1.0,
      "policy/option_hidden_gate_bias_mean": -0.02074678069969386,
      "policy/option_hidden_gate_bias_scale": 0.1999999999999992,
      "run_dir": "outputs/experiments/memory_actor_hidden_gate_bias_probe/memory_por_switchy_actor_hidden_partial_shift22_gatebias20",
      "shoulder_t008/margin": 1.5104443014955815,
      "shoulder_t008/return": 0.0,
      "shoulder_t008/success": 0.0,
      "throughput_fps": 86.73687829509917,
      "train/episode_return": 0.4125000052154064,
      "train/success_rate": 0.5,
      "variant": "gatebias_0.20"
    }
  ]
}