{
  "rows": [
    {
      "gap_t0055/margin": 0.4250404139806415,
      "gap_t0055/return": 0.3697569463402033,
      "gap_t0055/success": 0.453125,
      "greedy/margin": 0.29943808566916874,
      "greedy/return": 0.0,
      "greedy/success": 0.0,
      "label": "por_base",
      "lower_t005/margin": 0.3720607345882373,
      "lower_t005/return": 0.2513888902030885,
      "lower_t005/success": 0.375,
      "policy/option_hidden_adaptive_scale_mean": 0.0,
      "policy/option_hidden_film_gate_signal_mean": 0.0,
      "policy/option_hidden_film_scale_norm": 0.0,
      "policy/option_hidden_film_shift_norm": 0.0,
      "policy/option_hidden_shift_compensation": 0.0,
      "policy/option_hidden_shift_compensation_mean": 0.0,
      "policy/option_hidden_shift_compensation_scale": 0.0,
      "run_dir": "outputs/experiments/memory_actor_hidden_adaptive_shift_comp_probe/memory_por_switchy_rerun",
      "shoulder_t008/margin": 0.72771759272405,
      "shoulder_t008/return": 0.43284722324460745,
      "shoulder_t008/success": 0.46875,
      "throughput_fps": 89.3750080501738,
      "train/episode_return": 0.5171717161482031,
      "train/success_rate": 0.5303030303030303
    },
    {
      "gap_t0055/margin": 2.3544344390165945,
      "gap_t0055/return": 0.4627083297818899,
      "gap_t0055/success": 0.46875,
      "greedy/margin": 2.3544344390165945,
      "greedy/return": 0.4627083297818899,
      "greedy/success": 0.46875,
      "label": "por_actor_hidden_partial_shift22",
      "lower_t005/margin": 2.3544344390165945,
      "lower_t005/return": 0.4627083297818899,
      "lower_t005/success": 0.46875,
      "policy/option_hidden_adaptive_scale_mean": 0.14329319021531514,
      "policy/option_hidden_film_gate_signal_mean": 0.4094091142926897,
      "policy/option_hidden_film_scale_norm": 0.10732636920043401,
      "policy/option_hidden_film_shift_norm": 0.02282115417931761,
      "policy/option_hidden_shift_compensation": 0.0,
      "policy/option_hidden_shift_compensation_mean": 0.14329319021531514,
      "policy/option_hidden_shift_compensation_scale": 0.0,
      "run_dir": "outputs/experiments/memory_actor_hidden_adaptive_shift_comp_probe/memory_por_switchy_actor_hidden_partial_shift22",
      "shoulder_t008/margin": 2.3544344390165945,
      "shoulder_t008/return": 0.4627083297818899,
      "shoulder_t008/success": 0.46875,
      "throughput_fps": 90.8423704813233,
      "train/episode_return": 0.650861106812954,
      "train/success_rate": 0.6625
    },
    {
      "gap_t0055/margin": 1.4542922185624543,
      "gap_t0055/return": 0.47659722063690424,
      "gap_t0055/success": 0.484375,
      "greedy/margin": 1.077030443059563,
      "greedy/return": 0.30878471955657005,
      "greedy/success": 0.3125,
      "label": "por_actor_hidden_partial_shift22_adaptive_floor25",
      "lower_t005/margin": 1.429976086680089,
      "lower_t005/return": 0.46003472059965134,
      "lower_t005/success": 0.46875,
      "policy/option_hidden_adaptive_scale_mean": 0.11408416788887095,
      "policy/option_hidden_film_gate_signal_mean": 0.39414758770554154,
      "policy/option_hidden_film_scale_norm": 0.028516159634347314,
      "policy/option_hidden_film_shift_norm": 0.007824944141378373,
      "policy/option_hidden_shift_compensation": 0.0,
      "policy/option_hidden_shift_compensation_mean": 0.13795165150989722,
      "policy/option_hidden_shift_compensation_scale": 0.0,
      "run_dir": "outputs/experiments/memory_actor_hidden_adaptive_shift_comp_probe/memory_por_switchy_actor_hidden_partial_shift22_adaptive_floor25",
      "shoulder_t008/margin": 1.534892169641294,
      "shoulder_t008/return": 0.4613541644066572,
      "shoulder_t008/success": 0.46875,
      "throughput_fps": 89.37242274347845,
      "train/episode_return": 0.4403888896107674,
      "train/success_rate": 0.45
    },
    {
      "gap_t0055/margin": 1.5245982409731056,
      "gap_t0055/return": 0.5232291640713811,
      "gap_t0055/success": 0.53125,
      "greedy/margin": 0.029513835706920538,
      "greedy/return": 0.0,
      "greedy/success": 0.0,
      "label": "por_actor_hidden_partial_shift22_adaptive_floor25_shiftcomp50",
      "lower_t005/margin": 1.5499756289512985,
      "lower_t005/return": 0.5233680540695786,
      "lower_t005/success": 0.53125,
      "policy/option_hidden_adaptive_scale_mean": 0.1042517933672593,
      "policy/option_hidden_film_gate_signal_mean": 0.36399704762447027,
      "policy/option_hidden_film_scale_norm": 0.020733109277523594,
      "policy/option_hidden_film_shift_norm": 0.004093193315992845,
      "policy/option_hidden_shift_compensation": 1.0,
      "policy/option_hidden_shift_compensation_mean": 0.13897255730849725,
      "policy/option_hidden_shift_compensation_scale": 0.5,
      "run_dir": "outputs/experiments/memory_actor_hidden_adaptive_shift_comp_probe/memory_por_switchy_actor_hidden_partial_shift22_adaptive_floor25_shiftcomp50",
      "shoulder_t008/margin": 1.560290983812561,
      "shoulder_t008/return": 0.5385416634380817,
      "shoulder_t008/success": 0.546875,
      "throughput_fps": 89.42104463956531,
      "train/episode_return": 0.5378250581152896,
      "train/success_rate": 0.5531914893617021
    },
    {
      "gap_t0055/margin": 1.7746209574242433,
      "gap_t0055/return": 0.0,
      "gap_t0055/success": 0.0,
      "greedy/margin": 1.7746209574242433,
      "greedy/return": 0.0,
      "greedy/success": 0.0,
      "label": "por_actor_hidden_partial_shift22_adaptive_floor25_shiftcomp100",
      "lower_t005/margin": 1.7746209574242433,
      "lower_t005/return": 0.0,
      "lower_t005/success": 0.0,
      "policy/option_hidden_adaptive_scale_mean": 0.09489020643594824,
      "policy/option_hidden_film_gate_signal_mean": 0.3347367512591091,
      "policy/option_hidden_film_scale_norm": 0.03774732331066956,
      "policy/option_hidden_film_shift_norm": 0.013927447314109699,
      "policy/option_hidden_shift_compensation": 1.0,
      "policy/option_hidden_shift_compensation_mean": 0.1394255107935564,
      "policy/option_hidden_shift_compensation_scale": 1.0,
      "run_dir": "outputs/experiments/memory_actor_hidden_adaptive_shift_comp_probe/memory_por_switchy_actor_hidden_partial_shift22_adaptive_floor25_shiftcomp100",
      "shoulder_t008/margin": 1.7746209574242433,
      "shoulder_t008/return": 0.0,
      "shoulder_t008/success": 0.0,
      "throughput_fps": 62.29311690161242,
      "train/episode_return": 0.46703703453143436,
      "train/success_rate": 0.5833333333333334
    }
  ]
}