{
  "rows": [
    {
      "eval_return": 0.0,
      "eval_success_rate": 0.0,
      "gap_t0055/margin": 0.4250404139806415,
      "gap_t0055/return": 0.3697569463402033,
      "gap_t0055/success": 0.453125,
      "greedy/margin": 0.29943808566916874,
      "greedy/return": 0.0,
      "greedy/success": 0.0,
      "label": "por_base",
      "lower_t005/margin": 0.3720607345882373,
      "lower_t005/return": 0.2513888902030885,
      "lower_t005/success": 0.375,
      "policy/option_hidden_film_gate_mean": 0.0,
      "policy/option_hidden_film_gate_signal_mean": 0.0,
      "policy/option_hidden_film_scale_norm": 0.0,
      "policy/option_hidden_film_shift_norm": 0.0,
      "policy/option_hidden_film_shift_weight": 0.0,
      "run_dir": "outputs/experiments/memory_actor_hidden_shift22_scale_probe/memory_por_switchy_rerun",
      "shoulder_t008/margin": 0.72771759272405,
      "shoulder_t008/return": 0.43284722324460745,
      "shoulder_t008/success": 0.46875,
      "throughput_fps": 116.37462295604453,
      "train/episode_return": 0.5171717161482031,
      "train/success_rate": 0.5303030303030303,
      "variant": "none"
    },
    {
      "eval_return": 0.5558333285152912,
      "eval_success_rate": 0.5625,
      "gap_t0055/margin": 1.3328889194011155,
      "gap_t0055/return": 0.46243055164813995,
      "gap_t0055/success": 0.46875,
      "greedy/margin": 1.37835688707197,
      "greedy/return": 0.4627083297818899,
      "greedy/success": 0.46875,
      "label": "por_actor_hidden_partial_shift22",
      "lower_t005/margin": 1.3326482229134333,
      "lower_t005/return": 0.46249999571591616,
      "lower_t005/success": 0.46875,
      "policy/option_hidden_film_gate_mean": 0.20377264065401895,
      "policy/option_hidden_film_gate_signal_mean": 0.5822075435093471,
      "policy/option_hidden_film_scale_norm": 0.3371640741825104,
      "policy/option_hidden_film_shift_norm": 0.048238067754677365,
      "policy/option_hidden_film_shift_weight": 0.22000000000000006,
      "run_dir": "outputs/experiments/memory_actor_hidden_shift22_scale_probe/memory_por_switchy_actor_hidden_partial_shift22",
      "shoulder_t008/margin": 1.332640333543901,
      "shoulder_t008/return": 0.46236110758036375,
      "shoulder_t008/success": 0.46875,
      "throughput_fps": 95.64149700491637,
      "train/episode_return": 0.6430555582046509,
      "train/success_rate": 0.6666666666666666,
      "variant": "shift22_scale35"
    },
    {
      "eval_return": 0.0,
      "eval_success_rate": 0.0,
      "gap_t0055/margin": 0.15961788255307408,
      "gap_t0055/return": 0.0,
      "gap_t0055/success": 0.0,
      "greedy/margin": 0.15962028792242944,
      "greedy/return": 0.0,
      "greedy/success": 0.0,
      "label": "por_actor_hidden_partial_shift22_scale345",
      "lower_t005/margin": 0.15961788255307408,
      "lower_t005/return": 0.0,
      "lower_t005/success": 0.0,
      "policy/option_hidden_film_gate_mean": 0.14675954072563738,
      "policy/option_hidden_film_gate_signal_mean": 0.4253899466108393,
      "policy/option_hidden_film_scale_norm": 0.05339162598973439,
      "policy/option_hidden_film_shift_norm": 0.010430214692045142,
      "policy/option_hidden_film_shift_weight": 0.219999999999999,
      "run_dir": "outputs/experiments/memory_actor_hidden_shift22_scale_probe/memory_por_switchy_actor_hidden_partial_shift22_scale345",
      "shoulder_t008/margin": 0.15961513578615805,
      "shoulder_t008/return": 0.0,
      "shoulder_t008/success": 0.0,
      "throughput_fps": 94.37633982738127,
      "train/episode_return": 0.18722222186625004,
      "train/success_rate": 0.375,
      "variant": "shift22_scale345"
    },
    {
      "eval_return": 0.0,
      "eval_success_rate": 0.0,
      "gap_t0055/margin": 0.6441035297572797,
      "gap_t0055/return": 0.0,
      "gap_t0055/success": 0.0,
      "greedy/margin": 0.6441035297572797,
      "greedy/return": 0.0,
      "greedy/success": 0.0,
      "label": "por_actor_hidden_partial_shift22_scale34",
      "lower_t005/margin": 0.6441035297572797,
      "lower_t005/return": 0.0,
      "lower_t005/success": 0.0,
      "policy/option_hidden_film_gate_mean": 0.14662910115755634,
      "policy/option_hidden_film_gate_signal_mean": 0.43126207391421,
      "policy/option_hidden_film_scale_norm": 0.028544997750425044,
      "policy/option_hidden_film_shift_norm": 0.004929089890275564,
      "policy/option_hidden_film_shift_weight": 0.219999999999999,
      "run_dir": "outputs/experiments/memory_actor_hidden_shift22_scale_probe/memory_por_switchy_actor_hidden_partial_shift22_scale34",
      "shoulder_t008/margin": 0.6441035297572797,
      "shoulder_t008/return": 0.0,
      "shoulder_t008/success": 0.0,
      "throughput_fps": 95.35911658254226,
      "train/episode_return": 0.2214814821879069,
      "train/success_rate": 0.3333333333333333,
      "variant": "shift22_scale34"
    }
  ]
}