{
  "best_candidate": null,
  "challenger_pass": false,
  "challenger_summary": null,
  "detail_rows": [],
  "round6_summary": {
    "sare_failures": 0.0,
    "sare_mean": 1.0,
    "sare_minus_single": 0.11111111111111116,
    "sare_minus_token": 0.11458333333333337,
    "single_mean": 0.8888888888888888,
    "token_mean": 0.8854166666666666
  }
}